minute;gpm;total_periodic_gold;cum_periodic_gold;melee_num;ranged_num;siege_num;flagbearer_num;melee_gold;ranged_gold;siege_gold;flagbearer_gold;melee;ranged;siege;flagbearer;total_lane_gold;cum_lane_gold;small_num;medium_num;large_num;ancient_num;small_gold;medium_gold;large_gold;ancient_gold;small;medium;large;ancient;total_neutrals_gold;cum_neutrals_gold;bounty_gold;bounty_num;total_bounty_gold;cum_bounty_gold;total_gold;cum_total_gold
0.0;90.0;225.0;225.0;3.0;1;0.0;0.0;37;48;66;83;111.0;48;0.0;0.0;477.0;477.0;0.0;0.0;0.0;0.0;0.0;0.0;0.0;0.0;0.0;0.0;0.0;0.0;0.0;0.0;40;4.0;800.0;800.0;1502.0;1502.0
0.5;90.0;225.0;450.0;3.0;1;0.0;0.0;37;48;66;83;111.0;48;0.0;0.0;477.0;954.0;0.0;0.0;0.0;0.0;0.0;0.0;0.0;0.0;0.0;0.0;0.0;0.0;0.0;0.0;40;0.0;0.0;800.0;702.0;2204.0
1.0;90.0;225.0;675.0;3.0;1;0.0;0.0;37;48;66;83;111.0;48;0.0;0.0;477.0;1431.0;2.0;4.0;8.0;2.0;59.0;82.0;101.0;164.0;118.0;328.0;808.0;328.0;1582.0;1582.0;40;0.0;0.0;800.0;2284.0;4488.0
1.5;90.0;225.0;900.0;3.0;1;0.0;0.0;37;48;66;83;111.0;48;0.0;0.0;477.0;1908.0;0.0;0.0;0.0;0.0;0.0;0.0;0.0;0.0;0.0;0.0;0.0;0.0;0.0;1582.0;40;0.0;0.0;800.0;702.0;5190.0
2.0;90.0;225.0;1125.0;2.0;1;0.0;1.0;37;48;66;83;74.0;48;0.0;83.0;615.0;2523.0;2.0;4.0;8.0;2.0;59.0;82.0;101.0;164.0;118.0;328.0;808.0;328.0;1582.0;3164.0;40;0.0;0.0;800.0;2422.0;7612.0
2.5;90.0;225.0;1350.0;3.0;1;0.0;0.0;37;48;66;83;111.0;48;0.0;0.0;477.0;3000.0;0.0;0.0;0.0;0.0;0.0;0.0;0.0;0.0;0.0;0.0;0.0;0.0;0.0;3164.0;40;0.0;0.0;800.0;702.0;8314.0
3.0;90.0;225.0;1575.0;2.0;1;0.0;1.0;37;48;66;83;74.0;48;0.0;83.0;615.0;3615.0;2.0;4.0;8.0;2.0;59.0;82.0;101.0;164.0;118.0;328.0;808.0;328.0;1582.0;4746.0;36;2.0;360.0;1160.0;2782.0;11096.0
3.5;90.0;225.0;1800.0;3.0;1;0.0;0.0;37;48;66;83;111.0;48;0.0;0.0;477.0;4092.0;0.0;0.0;0.0;0.0;0.0;0.0;0.0;0.0;0.0;0.0;0.0;0.0;0.0;4746.0;36;0.0;0.0;1160.0;702.0;11798.0
4.0;90.0;225.0;2025.0;2.0;1;0.0;1.0;37;48;66;83;74.0;48;0.0;83.0;615.0;4707.0;2.0;4.0;8.0;2.0;59.0;82.0;101.0;164.0;118.0;328.0;808.0;328.0;1582.0;6328.0;36;0.0;0.0;1160.0;2422.0;14220.0
4.5;90.0;225.0;2250.0;3.0;1;0.0;0.0;37;48;66;83;111.0;48;0.0;0.0;477.0;5184.0;0.0;0.0;0.0;0.0;0.0;0.0;0.0;0.0;0.0;0.0;0.0;0.0;0.0;6328.0;36;0.0;0.0;1160.0;702.0;14922.0
5.0;90.0;225.0;2475.0;2.0;1;1.0;1.0;37;48;66;83;74.0;48;66.0;83.0;813.0;5997.0;2.0;4.0;8.0;2.0;59.0;82.0;101.0;164.0;118.0;328.0;808.0;328.0;1582.0;7910.0;45;0.0;0.0;1160.0;2620.0;17542.0
5.5;90.0;225.0;2700.0;3.0;1;0.0;0.0;37;48;66;83;111.0;48;0.0;0.0;477.0;6474.0;0.0;0.0;0.0;0.0;0.0;0.0;0.0;0.0;0.0;0.0;0.0;0.0;0.0;7910.0;45;0.0;0.0;1160.0;702.0;18244.0
6.0;90.0;225.0;2925.0;2.0;1;0.0;1.0;37;48;66;83;74.0;48;0.0;83.0;615.0;7089.0;2.0;4.0;8.0;2.0;59.0;82.0;101.0;164.0;118.0;328.0;808.0;328.0;1582.0;9492.0;45;2.0;450.0;1610.0;2872.0;21116.0
6.5;90.0;225.0;3150.0;3.0;1;0.0;0.0;37;48;66;83;111.0;48;0.0;0.0;477.0;7566.0;0.0;0.0;0.0;0.0;0.0;0.0;0.0;0.0;0.0;0.0;0.0;0.0;0.0;9492.0;45;0.0;0.0;1610.0;702.0;21818.0
7.0;90.0;225.0;3375.0;2.0;1;0.0;1.0;37;48;66;83;74.0;48;0.0;83.0;615.0;8181.0;2.0;4.0;8.0;2.0;59.0;82.0;101.0;164.0;118.0;328.0;808.0;328.0;1582.0;11074.0;45;0.0;0.0;1610.0;2422.0;24240.0
7.5;90.0;225.0;3600.0;3.0;1;0.0;0.0;38;54;66;83;114.0;54;0.0;0.0;504.0;8685.0;0.0;0.0;0.0;0.0;0.0;0.0;0.0;0.0;0.0;0.0;0.0;0.0;0.0;11074.0;45;0.0;0.0;1610.0;729.0;24969.0
8.0;90.0;225.0;3825.0;2.0;1;0.0;1.0;38;54;66;83;76.0;54;0.0;83.0;639.0;9324.0;2.0;4.0;8.0;2.0;59.0;82.0;101.0;164.0;118.0;328.0;808.0;328.0;1582.0;12656.0;45;0.0;0.0;1610.0;2446.0;27415.0
8.5;90.0;225.0;4050.0;3.0;1;0.0;0.0;38;54;66;83;114.0;54;0.0;0.0;504.0;9828.0;0.0;0.0;0.0;0.0;0.0;0.0;0.0;0.0;0.0;0.0;0.0;0.0;0.0;12656.0;45;0.0;0.0;1610.0;729.0;28144.0
9.0;90.0;225.0;4275.0;2.0;1;0.0;1.0;38;54;66;83;76.0;54;0.0;83.0;639.0;10467.0;2.0;4.0;8.0;2.0;59.0;82.0;101.0;164.0;118.0;328.0;808.0;328.0;1582.0;14238.0;45;2.0;450.0;2060.0;2896.0;31040.0
9.5;90.0;225.0;4500.0;3.0;1;0.0;0.0;38;54;66;83;114.0;54;0.0;0.0;504.0;10971.0;0.0;0.0;0.0;0.0;0.0;0.0;0.0;0.0;0.0;0.0;0.0;0.0;0.0;14238.0;45;0.0;0.0;2060.0;729.0;31769.0
10.0;90.0;225.0;4725.0;2.0;1;1.0;1.0;38;54;66;83;76.0;54;66.0;83.0;837.0;11808.0;2.0;4.0;8.0;2.0;59.0;82.0;101.0;164.0;118.0;328.0;808.0;328.0;1582.0;15820.0;54;0.0;0.0;2060.0;2644.0;34413.0
10.5;90.0;225.0;4950.0;3.0;1;0.0;0.0;38;54;66;83;114.0;54;0.0;0.0;504.0;12312.0;0.0;0.0;0.0;0.0;0.0;0.0;0.0;0.0;0.0;0.0;0.0;0.0;0.0;15820.0;54;0.0;0.0;2060.0;729.0;35142.0
11.0;90.0;225.0;5175.0;2.0;1;0.0;1.0;38;54;66;83;76.0;54;0.0;83.0;639.0;12951.0;2.0;4.0;8.0;2.0;59.0;82.0;101.0;164.0;118.0;328.0;808.0;328.0;1582.0;17402.0;54;0.0;0.0;2060.0;2446.0;37588.0
11.5;90.0;225.0;5400.0;3.0;1;0.0;0.0;38;54;66;83;114.0;54;0.0;0.0;504.0;13455.0;0.0;0.0;0.0;0.0;0.0;0.0;0.0;0.0;0.0;0.0;0.0;0.0;0.0;17402.0;54;0.0;0.0;2060.0;729.0;38317.0
12.0;94.8;237.0;5637.0;2.0;1;0.0;1.0;38;54;66;83;76.0;54;0.0;83.0;639.0;14094.0;2.0;4.0;8.0;2.0;59.0;82.0;101.0;164.0;118.0;328.0;808.0;328.0;1582.0;18984.0;54;2.0;540.0;2600.0;2998.0;41315.0
12.5;94.8;237.0;5874.0;3.0;1;0.0;0.0;38;54;66;83;114.0;54;0.0;0.0;504.0;14598.0;0.0;0.0;0.0;0.0;0.0;0.0;0.0;0.0;0.0;0.0;0.0;0.0;0.0;18984.0;54;0.0;0.0;2600.0;741.0;42056.0
13.0;94.8;237.0;6111.0;2.0;1;0.0;1.0;38;54;66;83;76.0;54;0.0;83.0;639.0;15237.0;2.0;4.0;8.0;2.0;59.0;82.0;101.0;164.0;118.0;328.0;808.0;328.0;1582.0;20566.0;54;0.0;0.0;2600.0;2458.0;44514.0
13.5;94.8;237.0;6348.0;3.0;1;0.0;0.0;38;54;66;83;114.0;54;0.0;0.0;504.0;15741.0;0.0;0.0;0.0;0.0;0.0;0.0;0.0;0.0;0.0;0.0;0.0;0.0;0.0;20566.0;54;0.0;0.0;2600.0;741.0;45255.0
14.0;94.8;237.0;6585.0;2.0;1;0.0;1.0;38;54;66;83;76.0;54;0.0;83.0;639.0;16380.0;2.0;4.0;8.0;2.0;59.0;82.0;101.0;164.0;118.0;328.0;808.0;328.0;1582.0;22148.0;54;0.0;0.0;2600.0;2458.0;47713.0
14.5;94.8;237.0;6822.0;3.0;1;0.0;0.0;38;54;66;83;114.0;54;0.0;0.0;504.0;16884.0;0.0;0.0;0.0;0.0;0.0;0.0;0.0;0.0;0.0;0.0;0.0;0.0;0.0;22148.0;54;0.0;0.0;2600.0;741.0;48454.0
15.0;94.8;237.0;7059.0;3.0;1;1.0;1.0;39;60;66;83;117.0;60;66.0;83.0;978.0;17862.0;2.0;4.0;8.0;2.0;59.0;82.0;101.0;164.0;118.0;328.0;808.0;328.0;1582.0;23730.0;63;2.0;630.0;3230.0;3427.0;51881.0
15.5;94.8;237.0;7296.0;4.0;1;0.0;0.0;39;60;66;83;156.0;60;0.0;0.0;648.0;18510.0;0.0;0.0;0.0;0.0;0.0;0.0;0.0;0.0;0.0;0.0;0.0;0.0;0.0;23730.0;63;0.0;0.0;3230.0;885.0;52766.0
16.0;94.8;237.0;7533.0;3.0;1;0.0;1.0;39;60;66;83;117.0;60;0.0;83.0;780.0;19290.0;2.0;4.0;8.0;2.0;59.0;82.0;101.0;164.0;118.0;328.0;808.0;328.0;1582.0;25312.0;63;0.0;0.0;3230.0;2599.0;55365.0
16.5;94.8;237.0;7770.0;4.0;1;0.0;0.0;39;60;66;83;156.0;60;0.0;0.0;648.0;19938.0;0.0;0.0;0.0;0.0;0.0;0.0;0.0;0.0;0.0;0.0;0.0;0.0;0.0;25312.0;63;0.0;0.0;3230.0;885.0;56250.0
17.0;94.8;237.0;8007.0;3.0;1;0.0;1.0;39;60;66;83;117.0;60;0.0;83.0;780.0;20718.0;2.0;4.0;8.0;2.0;59.0;82.0;101.0;164.0;118.0;328.0;808.0;328.0;1582.0;26894.0;63;0.0;0.0;3230.0;2599.0;58849.0
17.5;94.8;237.0;8244.0;4.0;1;0.0;0.0;39;60;66;83;156.0;60;0.0;0.0;648.0;21366.0;0.0;0.0;0.0;0.0;0.0;0.0;0.0;0.0;0.0;0.0;0.0;0.0;0.0;26894.0;63;0.0;0.0;3230.0;885.0;59734.0
18.0;94.8;237.0;8481.0;3.0;1;0.0;1.0;39;60;66;83;117.0;60;0.0;83.0;780.0;22146.0;2.0;4.0;8.0;2.0;59.0;82.0;101.0;164.0;118.0;328.0;808.0;328.0;1582.0;28476.0;63;2.0;630.0;3860.0;3229.0;62963.0
18.5;94.8;237.0;8718.0;4.0;1;0.0;0.0;39;60;66;83;156.0;60;0.0;0.0;648.0;22794.0;0.0;0.0;0.0;0.0;0.0;0.0;0.0;0.0;0.0;0.0;0.0;0.0;0.0;28476.0;63;0.0;0.0;3860.0;885.0;63848.0
19.0;94.8;237.0;8955.0;3.0;1;0.0;1.0;39;60;66;83;117.0;60;0.0;83.0;780.0;23574.0;2.0;4.0;8.0;2.0;59.0;82.0;101.0;164.0;118.0;328.0;808.0;328.0;1582.0;30058.0;63;0.0;0.0;3860.0;2599.0;66447.0
19.5;94.8;237.0;9192.0;4.0;1;0.0;0.0;39;60;66;83;156.0;60;0.0;0.0;648.0;24222.0;0.0;0.0;0.0;0.0;0.0;0.0;0.0;0.0;0.0;0.0;0.0;0.0;0.0;30058.0;63;0.0;0.0;3860.0;885.0;67332.0
20.0;94.8;237.0;9429.0;3.0;1;1.0;1.0;39;60;66;83;117.0;60;66.0;83.0;978.0;25200.0;2.0;4.0;8.0;2.0;59.0;82.0;101.0;164.0;118.0;328.0;808.0;328.0;1582.0;31640.0;72;0.0;0.0;3860.0;2797.0;70129.0
20.5;94.8;237.0;9666.0;4.0;1;0.0;0.0;39;60;66;83;156.0;60;0.0;0.0;648.0;25848.0;0.0;0.0;0.0;0.0;0.0;0.0;0.0;0.0;0.0;0.0;0.0;0.0;0.0;31640.0;72;0.0;0.0;3860.0;885.0;71014.0
21.0;94.8;237.0;9903.0;3.0;1;0.0;1.0;39;60;66;83;117.0;60;0.0;83.0;780.0;26628.0;2.0;4.0;8.0;2.0;59.0;82.0;101.0;164.0;118.0;328.0;808.0;328.0;1582.0;33222.0;72;2.0;720.0;4580.0;3319.0;74333.0
21.5;94.8;237.0;10140.0;4.0;1;0.0;0.0;39;60;66;83;156.0;60;0.0;0.0;648.0;27276.0;0.0;0.0;0.0;0.0;0.0;0.0;0.0;0.0;0.0;0.0;0.0;0.0;0.0;33222.0;72;0.0;0.0;4580.0;885.0;75218.0
22.0;94.8;237.0;10377.0;3.0;1;0.0;1.0;39;60;66;83;117.0;60;0.0;83.0;780.0;28056.0;2.0;4.0;8.0;2.0;59.0;82.0;101.0;164.0;118.0;328.0;808.0;328.0;1582.0;34804.0;72;0.0;0.0;4580.0;2599.0;77817.0
22.5;94.8;237.0;10614.0;4.0;1;0.0;0.0;40;66;66;83;160.0;66;0.0;0.0;678.0;28734.0;0.0;0.0;0.0;0.0;0.0;0.0;0.0;0.0;0.0;0.0;0.0;0.0;0.0;34804.0;72;0.0;0.0;4580.0;915.0;78732.0
23.0;94.8;237.0;10851.0;3.0;1;0.0;1.0;40;66;66;83;120.0;66;0.0;83.0;807.0;29541.0;2.0;4.0;8.0;2.0;59.0;82.0;101.0;164.0;118.0;328.0;808.0;328.0;1582.0;36386.0;72;0.0;0.0;4580.0;2626.0;81358.0
23.5;94.8;237.0;11088.0;4.0;1;0.0;0.0;40;66;66;83;160.0;66;0.0;0.0;678.0;30219.0;0.0;0.0;0.0;0.0;0.0;0.0;0.0;0.0;0.0;0.0;0.0;0.0;0.0;36386.0;72;0.0;0.0;4580.0;915.0;82273.0
24.0;94.8;237.0;11325.0;3.0;1;0.0;1.0;40;66;66;83;120.0;66;0.0;83.0;807.0;31026.0;2.0;4.0;8.0;2.0;59.0;82.0;101.0;164.0;118.0;328.0;808.0;328.0;1582.0;37968.0;72;2.0;720.0;5300.0;3346.0;85619.0
24.5;94.8;237.0;11562.0;4.0;1;0.0;0.0;40;66;66;83;160.0;66;0.0;0.0;678.0;31704.0;0.0;0.0;0.0;0.0;0.0;0.0;0.0;0.0;0.0;0.0;0.0;0.0;0.0;37968.0;72;0.0;0.0;5300.0;915.0;86534.0
25.0;94.8;237.0;11799.0;3.0;1;1.0;1.0;40;66;66;83;120.0;66;66.0;83.0;1005.0;32709.0;2.0;4.0;8.0;2.0;59.0;82.0;101.0;164.0;118.0;328.0;808.0;328.0;1582.0;39550.0;81;0.0;0.0;5300.0;2824.0;89358.0
25.5;94.8;237.0;12036.0;4.0;1;0.0;0.0;40;66;66;83;160.0;66;0.0;0.0;678.0;33387.0;0.0;0.0;0.0;0.0;0.0;0.0;0.0;0.0;0.0;0.0;0.0;0.0;0.0;39550.0;81;0.0;0.0;5300.0;915.0;90273.0
26.0;94.8;237.0;12273.0;3.0;1;0.0;1.0;40;66;66;83;120.0;66;0.0;83.0;807.0;34194.0;2.0;4.0;8.0;2.0;59.0;82.0;101.0;164.0;118.0;328.0;808.0;328.0;1582.0;41132.0;81;0.0;0.0;5300.0;2626.0;92899.0
26.5;94.8;237.0;12510.0;4.0;1;0.0;0.0;40;66;66;83;160.0;66;0.0;0.0;678.0;34872.0;0.0;0.0;0.0;0.0;0.0;0.0;0.0;0.0;0.0;0.0;0.0;0.0;0.0;41132.0;81;0.0;0.0;5300.0;915.0;93814.0
27.0;94.8;237.0;12747.0;3.0;1;0.0;1.0;40;66;66;83;120.0;66;0.0;83.0;807.0;35679.0;2.0;4.0;8.0;2.0;59.0;82.0;101.0;164.0;118.0;328.0;808.0;328.0;1582.0;42714.0;81;2.0;810.0;6110.0;3436.0;97250.0
27.5;94.8;237.0;12984.0;4.0;1;0.0;0.0;40;66;66;83;160.0;66;0.0;0.0;678.0;36357.0;0.0;0.0;0.0;0.0;0.0;0.0;0.0;0.0;0.0;0.0;0.0;0.0;0.0;42714.0;81;0.0;0.0;6110.0;915.0;98165.0
28.0;94.8;237.0;13221.0;3.0;1;0.0;1.0;40;66;66;83;120.0;66;0.0;83.0;807.0;37164.0;2.0;4.0;8.0;2.0;59.0;82.0;101.0;164.0;118.0;328.0;808.0;328.0;1582.0;44296.0;81;0.0;0.0;6110.0;2626.0;100791.0
28.5;94.8;237.0;13458.0;4.0;1;0.0;0.0;40;66;66;83;160.0;66;0.0;0.0;678.0;37842.0;0.0;0.0;0.0;0.0;0.0;0.0;0.0;0.0;0.0;0.0;0.0;0.0;0.0;44296.0;81;0.0;0.0;6110.0;915.0;101706.0
29.0;94.8;237.0;13695.0;3.0;1;0.0;1.0;40;66;66;83;120.0;66;0.0;83.0;807.0;38649.0;2.0;4.0;8.0;2.0;59.0;82.0;101.0;164.0;118.0;328.0;808.0;328.0;1582.0;45878.0;81;0.0;0.0;6110.0;2626.0;104332.0
29.5;94.8;237.0;13932.0;4.0;1;0.0;0.0;40;66;66;83;160.0;66;0.0;0.0;678.0;39327.0;0.0;0.0;0.0;0.0;0.0;0.0;0.0;0.0;0.0;0.0;0.0;0.0;0.0;45878.0;81;0.0;0.0;6110.0;915.0;105247.0
30.0;99.8;249.5;14181.5;4.0;1;1.0;1.0;41;72;66;83;164.0;72;66.0;83.0;1155.0;40482.0;2.0;4.0;8.0;2.0;59.0;82.0;101.0;164.0;118.0;328.0;808.0;328.0;1582.0;47460.0;90;2.0;900.0;7010.0;3886.5;109133.5
30.5;99.8;249.5;14431.0;5.0;1;0.0;0.0;41;72;66;83;205.0;72;0.0;0.0;831.0;41313.0;0.0;0.0;0.0;0.0;0.0;0.0;0.0;0.0;0.0;0.0;0.0;0.0;0.0;47460.0;90;0.0;0.0;7010.0;1080.5;110214.0
31.0;99.8;249.5;14680.5;4.0;1;0.0;1.0;41;72;66;83;164.0;72;0.0;83.0;957.0;42270.0;2.0;4.0;8.0;2.0;59.0;82.0;101.0;164.0;118.0;328.0;808.0;328.0;1582.0;49042.0;90;0.0;0.0;7010.0;2788.5;113002.5
31.5;99.8;249.5;14930.0;5.0;1;0.0;0.0;41;72;66;83;205.0;72;0.0;0.0;831.0;43101.0;0.0;0.0;0.0;0.0;0.0;0.0;0.0;0.0;0.0;0.0;0.0;0.0;0.0;49042.0;90;0.0;0.0;7010.0;1080.5;114083.0
32.0;99.8;249.5;15179.5;4.0;1;0.0;1.0;41;72;66;83;164.0;72;0.0;83.0;957.0;44058.0;2.0;4.0;8.0;2.0;59.0;82.0;101.0;164.0;118.0;328.0;808.0;328.0;1582.0;50624.0;90;0.0;0.0;7010.0;2788.5;116871.5
32.5;99.8;249.5;15429.0;5.0;1;0.0;0.0;41;72;66;83;205.0;72;0.0;0.0;831.0;44889.0;0.0;0.0;0.0;0.0;0.0;0.0;0.0;0.0;0.0;0.0;0.0;0.0;0.0;50624.0;90;0.0;0.0;7010.0;1080.5;117952.0
33.0;99.8;249.5;15678.5;4.0;1;0.0;1.0;41;72;66;83;164.0;72;0.0;83.0;957.0;45846.0;2.0;4.0;8.0;2.0;59.0;82.0;101.0;164.0;118.0;328.0;808.0;328.0;1582.0;52206.0;90;2.0;900.0;7910.0;3688.5;121640.5
33.5;99.8;249.5;15928.0;5.0;1;0.0;0.0;41;72;66;83;205.0;72;0.0;0.0;831.0;46677.0;0.0;0.0;0.0;0.0;0.0;0.0;0.0;0.0;0.0;0.0;0.0;0.0;0.0;52206.0;90;0.0;0.0;7910.0;1080.5;122721.0
34.0;99.8;249.5;16177.5;4.0;1;0.0;1.0;41;72;66;83;164.0;72;0.0;83.0;957.0;47634.0;2.0;4.0;8.0;2.0;59.0;82.0;101.0;164.0;118.0;328.0;808.0;328.0;1582.0;53788.0;90;0.0;0.0;7910.0;2788.5;125509.5
34.5;99.8;249.5;16427.0;5.0;1;0.0;0.0;41;72;66;83;205.0;72;0.0;0.0;831.0;48465.0;0.0;0.0;0.0;0.0;0.0;0.0;0.0;0.0;0.0;0.0;0.0;0.0;0.0;53788.0;90;0.0;0.0;7910.0;1080.5;126590.0
35.0;99.8;249.5;16676.5;4.0;2;2.0;1.0;41;72;66;83;164.0;144;132.0;83.0;1569.0;50034.0;2.0;4.0;8.0;2.0;59.0;82.0;101.0;164.0;118.0;328.0;808.0;328.0;1582.0;55370.0;99;0.0;0.0;7910.0;3400.5;129990.5
35.5;99.8;249.5;16926.0;5.0;2;0.0;0.0;41;72;66;83;205.0;144;0.0;0.0;1047.0;51081.0;0.0;0.0;0.0;0.0;0.0;0.0;0.0;0.0;0.0;0.0;0.0;0.0;0.0;55370.0;99;0.0;0.0;7910.0;1296.5;131287.0
36.0;99.8;249.5;17175.5;4.0;2;0.0;1.0;41;72;66;83;164.0;144;0.0;83.0;1173.0;52254.0;2.0;4.0;8.0;2.0;59.0;82.0;101.0;164.0;118.0;328.0;808.0;328.0;1582.0;56952.0;99;2.0;990.0;8900.0;3994.5;135281.5
36.5;99.8;249.5;17425.0;5.0;2;0.0;0.0;41;72;66;83;205.0;144;0.0;0.0;1047.0;53301.0;0.0;0.0;0.0;0.0;0.0;0.0;0.0;0.0;0.0;0.0;0.0;0.0;0.0;56952.0;99;0.0;0.0;8900.0;1296.5;136578.0
37.0;99.8;249.5;17674.5;4.0;2;0.0;1.0;41;72;66;83;164.0;144;0.0;83.0;1173.0;54474.0;2.0;4.0;8.0;2.0;59.0;82.0;101.0;164.0;118.0;328.0;808.0;328.0;1582.0;58534.0;99;0.0;0.0;8900.0;3004.5;139582.5
37.5;99.8;249.5;17924.0;5.0;2;0.0;0.0;42;78;66;83;210.0;156;0.0;0.0;1098.0;55572.0;0.0;0.0;0.0;0.0;0.0;0.0;0.0;0.0;0.0;0.0;0.0;0.0;0.0;58534.0;99;0.0;0.0;8900.0;1347.5;140930.0
38.0;99.8;249.5;18173.5;4.0;2;0.0;1.0;42;78;66;83;168.0;156;0.0;83.0;1221.0;56793.0;2.0;4.0;8.0;2.0;59.0;82.0;101.0;164.0;118.0;328.0;808.0;328.0;1582.0;60116.0;99;0.0;0.0;8900.0;3052.5;143982.5
38.5;99.8;249.5;18423.0;5.0;2;0.0;0.0;42;78;66;83;210.0;156;0.0;0.0;1098.0;57891.0;0.0;0.0;0.0;0.0;0.0;0.0;0.0;0.0;0.0;0.0;0.0;0.0;0.0;60116.0;99;0.0;0.0;8900.0;1347.5;145330.0
39.0;99.8;249.5;18672.5;4.0;2;0.0;1.0;42;78;66;83;168.0;156;0.0;83.0;1221.0;59112.0;2.0;4.0;8.0;2.0;59.0;82.0;101.0;164.0;118.0;328.0;808.0;328.0;1582.0;61698.0;99;2.0;990.0;9890.0;4042.5;149372.5
39.5;99.8;249.5;18922.0;5.0;2;0.0;0.0;42;78;66;83;210.0;156;0.0;0.0;1098.0;60210.0;0.0;0.0;0.0;0.0;0.0;0.0;0.0;0.0;0.0;0.0;0.0;0.0;0.0;61698.0;99;0.0;0.0;9890.0;1347.5;150720.0
40.0;99.8;249.5;19171.5;4.0;2;2.0;1.0;42;78;66;83;168.0;156;132.0;83.0;1617.0;61827.0;2.0;4.0;8.0;2.0;59.0;82.0;101.0;164.0;118.0;328.0;808.0;328.0;1582.0;63280.0;108;0.0;0.0;9890.0;3448.5;154168.5
40.5;99.8;249.5;19421.0;5.0;2;0.0;0.0;42;78;66;83;210.0;156;0.0;0.0;1098.0;62925.0;0.0;0.0;0.0;0.0;0.0;0.0;0.0;0.0;0.0;0.0;0.0;0.0;0.0;63280.0;108;0.0;0.0;9890.0;1347.5;155516.0
41.0;99.8;249.5;19670.5;4.0;2;0.0;1.0;42;78;66;83;168.0;156;0.0;83.0;1221.0;64146.0;2.0;4.0;8.0;2.0;59.0;82.0;101.0;164.0;118.0;328.0;808.0;328.0;1582.0;64862.0;108;0.0;0.0;9890.0;3052.5;158568.5
41.5;99.8;249.5;19920.0;5.0;2;0.0;0.0;42;78;66;83;210.0;156;0.0;0.0;1098.0;65244.0;0.0;0.0;0.0;0.0;0.0;0.0;0.0;0.0;0.0;0.0;0.0;0.0;0.0;64862.0;108;0.0;0.0;9890.0;1347.5;159916.0
42.0;99.8;249.5;20169.5;4.0;2;0.0;1.0;42;78;66;83;168.0;156;0.0;83.0;1221.0;66465.0;2.0;4.0;8.0;2.0;59.0;82.0;101.0;164.0;118.0;328.0;808.0;328.0;1582.0;66444.0;108;2.0;1080.0;10970.0;4132.5;164048.5
42.5;99.8;249.5;20419.0;5.0;2;0.0;0.0;42;78;66;83;210.0;156;0.0;0.0;1098.0;67563.0;0.0;0.0;0.0;0.0;0.0;0.0;0.0;0.0;0.0;0.0;0.0;0.0;0.0;66444.0;108;0.0;0.0;10970.0;1347.5;165396.0
43.0;99.8;249.5;20668.5;4.0;2;0.0;1.0;42;78;66;83;168.0;156;0.0;83.0;1221.0;68784.0;2.0;4.0;8.0;2.0;59.0;82.0;101.0;164.0;118.0;328.0;808.0;328.0;1582.0;68026.0;108;0.0;0.0;10970.0;3052.5;168448.5
43.5;99.8;249.5;20918.0;5.0;2;0.0;0.0;42;78;66;83;210.0;156;0.0;0.0;1098.0;69882.0;0.0;0.0;0.0;0.0;0.0;0.0;0.0;0.0;0.0;0.0;0.0;0.0;0.0;68026.0;108;0.0;0.0;10970.0;1347.5;169796.0
44.0;99.8;249.5;21167.5;4.0;2;0.0;1.0;42;78;66;83;168.0;156;0.0;83.0;1221.0;71103.0;2.0;4.0;8.0;2.0;59.0;82.0;101.0;164.0;118.0;328.0;808.0;328.0;1582.0;69608.0;108;0.0;0.0;10970.0;3052.5;172848.5
44.5;99.8;249.5;21417.0;5.0;2;0.0;0.0;42;78;66;83;210.0;156;0.0;0.0;1098.0;72201.0;0.0;0.0;0.0;0.0;0.0;0.0;0.0;0.0;0.0;0.0;0.0;0.0;0.0;69608.0;108;0.0;0.0;10970.0;1347.5;174196.0
45.0;105.5;263.75;21680.75;5.0;2;2.0;1.0;43;84;66;83;215.0;168;132.0;83.0;1794.0;73995.0;2.0;4.0;8.0;2.0;59.0;82.0;101.0;164.0;118.0;328.0;808.0;328.0;1582.0;71190.0;117;2.0;1170.0;12140.0;4809.75;179005.75
45.5;105.5;263.75;21944.5;6.0;2;0.0;0.0;43;84;66;83;258.0;168;0.0;0.0;1278.0;75273.0;0.0;0.0;0.0;0.0;0.0;0.0;0.0;0.0;0.0;0.0;0.0;0.0;0.0;71190.0;117;0.0;0.0;12140.0;1541.75;180547.5
46.0;105.5;263.75;22208.25;5.0;2;0.0;1.0;43;84;66;83;215.0;168;0.0;83.0;1398.0;76671.0;2.0;4.0;8.0;2.0;59.0;82.0;101.0;164.0;118.0;328.0;808.0;328.0;1582.0;72772.0;117;0.0;0.0;12140.0;3243.75;183791.25
46.5;105.5;263.75;22472.0;6.0;2;0.0;0.0;43;84;66;83;258.0;168;0.0;0.0;1278.0;77949.0;0.0;0.0;0.0;0.0;0.0;0.0;0.0;0.0;0.0;0.0;0.0;0.0;0.0;72772.0;117;0.0;0.0;12140.0;1541.75;185333.0
47.0;105.5;263.75;22735.75;5.0;2;0.0;1.0;43;84;66;83;215.0;168;0.0;83.0;1398.0;79347.0;2.0;4.0;8.0;2.0;59.0;82.0;101.0;164.0;118.0;328.0;808.0;328.0;1582.0;74354.0;117;0.0;0.0;12140.0;3243.75;188576.75
47.5;105.5;263.75;22999.5;6.0;2;0.0;0.0;43;84;66;83;258.0;168;0.0;0.0;1278.0;80625.0;0.0;0.0;0.0;0.0;0.0;0.0;0.0;0.0;0.0;0.0;0.0;0.0;0.0;74354.0;117;0.0;0.0;12140.0;1541.75;190118.5
48.0;105.5;263.75;23263.25;5.0;2;0.0;1.0;43;84;66;83;215.0;168;0.0;83.0;1398.0;82023.0;2.0;4.0;8.0;2.0;59.0;82.0;101.0;164.0;118.0;328.0;808.0;328.0;1582.0;75936.0;117;2.0;1170.0;13310.0;4413.75;194532.25
48.5;105.5;263.75;23527.0;6.0;2;0.0;0.0;43;84;66;83;258.0;168;0.0;0.0;1278.0;83301.0;0.0;0.0;0.0;0.0;0.0;0.0;0.0;0.0;0.0;0.0;0.0;0.0;0.0;75936.0;117;0.0;0.0;13310.0;1541.75;196074.0
49.0;105.5;263.75;23790.75;5.0;2;0.0;1.0;43;84;66;83;215.0;168;0.0;83.0;1398.0;84699.0;2.0;4.0;8.0;2.0;59.0;82.0;101.0;164.0;118.0;328.0;808.0;328.0;1582.0;77518.0;117;0.0;0.0;13310.0;3243.75;199317.75
49.5;105.5;263.75;24054.5;6.0;2;0.0;0.0;43;84;66;83;258.0;168;0.0;0.0;1278.0;85977.0;0.0;0.0;0.0;0.0;0.0;0.0;0.0;0.0;0.0;0.0;0.0;0.0;0.0;77518.0;117;0.0;0.0;13310.0;1541.75;200859.5
50.0;105.5;263.75;24318.25;5.0;2;2.0;1.0;43;84;66;83;215.0;168;132.0;83.0;1794.0;87771.0;2.0;4.0;8.0;2.0;59.0;82.0;101.0;164.0;118.0;328.0;808.0;328.0;1582.0;79100.0;126;0.0;0.0;13310.0;3639.75;204499.25
50.5;105.5;263.75;24582.0;6.0;2;0.0;0.0;43;84;66;83;258.0;168;0.0;0.0;1278.0;89049.0;0.0;0.0;0.0;0.0;0.0;0.0;0.0;0.0;0.0;0.0;0.0;0.0;0.0;79100.0;126;0.0;0.0;13310.0;1541.75;206041.0
51.0;105.5;263.75;24845.75;5.0;2;0.0;1.0;43;84;66;83;215.0;168;0.0;83.0;1398.0;90447.0;2.0;4.0;8.0;2.0;59.0;82.0;101.0;164.0;118.0;328.0;808.0;328.0;1582.0;80682.0;126;2.0;1260.0;14570.0;4503.75;210544.75
51.5;105.5;263.75;25109.5;6.0;2;0.0;0.0;43;84;66;83;258.0;168;0.0;0.0;1278.0;91725.0;0.0;0.0;0.0;0.0;0.0;0.0;0.0;0.0;0.0;0.0;0.0;0.0;0.0;80682.0;126;0.0;0.0;14570.0;1541.75;212086.5
52.0;105.5;263.75;25373.25;5.0;2;0.0;1.0;43;84;66;83;215.0;168;0.0;83.0;1398.0;93123.0;2.0;4.0;8.0;2.0;59.0;82.0;101.0;164.0;118.0;328.0;808.0;328.0;1582.0;82264.0;126;0.0;0.0;14570.0;3243.75;215330.25
52.5;105.5;263.75;25637.0;6.0;2;0.0;0.0;44;90;66;83;264.0;180;0.0;0.0;1332.0;94455.0;0.0;0.0;0.0;0.0;0.0;0.0;0.0;0.0;0.0;0.0;0.0;0.0;0.0;82264.0;126;0.0;0.0;14570.0;1595.75;216926.0
53.0;105.5;263.75;25900.75;5.0;2;0.0;1.0;44;90;66;83;220.0;180;0.0;83.0;1449.0;95904.0;2.0;4.0;8.0;2.0;59.0;82.0;101.0;164.0;118.0;328.0;808.0;328.0;1582.0;83846.0;126;0.0;0.0;14570.0;3294.75;220220.75
53.5;105.5;263.75;26164.5;6.0;2;0.0;0.0;44;90;66;83;264.0;180;0.0;0.0;1332.0;97236.0;0.0;0.0;0.0;0.0;0.0;0.0;0.0;0.0;0.0;0.0;0.0;0.0;0.0;83846.0;126;0.0;0.0;14570.0;1595.75;221816.5
54.0;105.5;263.75;26428.25;5.0;2;0.0;1.0;44;90;66;83;220.0;180;0.0;83.0;1449.0;98685.0;2.0;4.0;8.0;2.0;59.0;82.0;101.0;164.0;118.0;328.0;808.0;328.0;1582.0;85428.0;126;2.0;1260.0;15830.0;4554.75;226371.25
54.5;105.5;263.75;26692.0;6.0;2;0.0;0.0;44;90;66;83;264.0;180;0.0;0.0;1332.0;100017.0;0.0;0.0;0.0;0.0;0.0;0.0;0.0;0.0;0.0;0.0;0.0;0.0;0.0;85428.0;126;0.0;0.0;15830.0;1595.75;227967.0
55.0;105.5;263.75;26955.75;5.0;2;2.0;1.0;44;90;66;83;220.0;180;132.0;83.0;1845.0;101862.0;2.0;4.0;8.0;2.0;59.0;82.0;101.0;164.0;118.0;328.0;808.0;328.0;1582.0;87010.0;135;0.0;0.0;15830.0;3690.75;231657.75
55.5;105.5;263.75;27219.5;6.0;2;0.0;0.0;44;90;66;83;264.0;180;0.0;0.0;1332.0;103194.0;0.0;0.0;0.0;0.0;0.0;0.0;0.0;0.0;0.0;0.0;0.0;0.0;0.0;87010.0;135;0.0;0.0;15830.0;1595.75;233253.5
56.0;105.5;263.75;27483.25;5.0;2;0.0;1.0;44;90;66;83;220.0;180;0.0;83.0;1449.0;104643.0;2.0;4.0;8.0;2.0;59.0;82.0;101.0;164.0;118.0;328.0;808.0;328.0;1582.0;88592.0;135;0.0;0.0;15830.0;3294.75;236548.25
56.5;105.5;263.75;27747.0;6.0;2;0.0;0.0;44;90;66;83;264.0;180;0.0;0.0;1332.0;105975.0;0.0;0.0;0.0;0.0;0.0;0.0;0.0;0.0;0.0;0.0;0.0;0.0;0.0;88592.0;135;0.0;0.0;15830.0;1595.75;238144.0
57.0;105.5;263.75;28010.75;5.0;2;0.0;1.0;44;90;66;83;220.0;180;0.0;83.0;1449.0;107424.0;2.0;4.0;8.0;2.0;59.0;82.0;101.0;164.0;118.0;328.0;808.0;328.0;1582.0;90174.0;135;2.0;1350.0;17180.0;4644.75;242788.75
57.5;105.5;263.75;28274.5;6.0;2;0.0;0.0;44;90;66;83;264.0;180;0.0;0.0;1332.0;108756.0;0.0;0.0;0.0;0.0;0.0;0.0;0.0;0.0;0.0;0.0;0.0;0.0;0.0;90174.0;135;0.0;0.0;17180.0;1595.75;244384.5
58.0;105.5;263.75;28538.25;5.0;2;0.0;1.0;44;90;66;83;220.0;180;0.0;83.0;1449.0;110205.0;2.0;4.0;8.0;2.0;59.0;82.0;101.0;164.0;118.0;328.0;808.0;328.0;1582.0;91756.0;135;0.0;0.0;17180.0;3294.75;247679.25
58.5;105.5;263.75;28802.0;6.0;2;0.0;0.0;44;90;66;83;264.0;180;0.0;0.0;1332.0;111537.0;0.0;0.0;0.0;0.0;0.0;0.0;0.0;0.0;0.0;0.0;0.0;0.0;0.0;91756.0;135;0.0;0.0;17180.0;1595.75;249275.0
59.0;105.5;263.75;29065.75;5.0;2;0.0;1.0;44;90;66;83;220.0;180;0.0;83.0;1449.0;112986.0;2.0;4.0;8.0;2.0;59.0;82.0;101.0;164.0;118.0;328.0;808.0;328.0;1582.0;93338.0;135;0.0;0.0;17180.0;3294.75;252569.75
59.5;105.5;263.75;29329.5;6.0;2;0.0;0.0;44;90;66;83;264.0;180;0.0;0.0;1332.0;114318.0;0.0;0.0;0.0;0.0;0.0;0.0;0.0;0.0;0.0;0.0;0.0;0.0;0.0;93338.0;135;0.0;0.0;17180.0;1595.75;254165.5
60.0;105.5;263.75;29593.25;5.0;2;2.0;1.0;45;96;66;83;225.0;192;132.0;83.0;1896.0;116214.0;2.0;4.0;8.0;2.0;59.0;82.0;101.0;164.0;118.0;328.0;808.0;328.0;1582.0;94920.0;144;2.0;1440.0;18620.0;5181.75;259347.25
60.5;105.5;263.75;29857.0;6.0;2;0.0;0.0;45;96;66;83;270.0;192;0.0;0.0;1386.0;117600.0;0.0;0.0;0.0;0.0;0.0;0.0;0.0;0.0;0.0;0.0;0.0;0.0;0.0;94920.0;144;0.0;0.0;18620.0;1649.75;260997.0
61.0;105.5;263.75;30120.75;5.0;2;0.0;1.0;45;96;66;83;225.0;192;0.0;83.0;1500.0;119100.0;2.0;4.0;8.0;2.0;59.0;82.0;101.0;164.0;118.0;328.0;808.0;328.0;1582.0;96502.0;144;0.0;0.0;18620.0;3345.75;264342.75
61.5;105.5;263.75;30384.5;6.0;2;0.0;0.0;45;96;66;83;270.0;192;0.0;0.0;1386.0;120486.0;0.0;0.0;0.0;0.0;0.0;0.0;0.0;0.0;0.0;0.0;0.0;0.0;0.0;96502.0;144;0.0;0.0;18620.0;1649.75;265992.5
62.0;112.8;282.0;30666.5;5.0;2;0.0;1.0;45;96;66;83;225.0;192;0.0;83.0;1500.0;121986.0;2.0;4.0;8.0;2.0;59.0;82.0;101.0;164.0;118.0;328.0;808.0;328.0;1582.0;98084.0;144;0.0;0.0;18620.0;3364.0;269356.5
62.5;112.8;282.0;30948.5;6.0;2;0.0;0.0;45;96;66;83;270.0;192;0.0;0.0;1386.0;123372.0;0.0;0.0;0.0;0.0;0.0;0.0;0.0;0.0;0.0;0.0;0.0;0.0;0.0;98084.0;144;0.0;0.0;18620.0;1668.0;271024.5
63.0;112.8;282.0;31230.5;5.0;2;0.0;1.0;45;96;66;83;225.0;192;0.0;83.0;1500.0;124872.0;2.0;4.0;8.0;2.0;59.0;82.0;101.0;164.0;118.0;328.0;808.0;328.0;1582.0;99666.0;144;2.0;1440.0;20060.0;4804.0;275828.5
63.5;112.8;282.0;31512.5;6.0;2;0.0;0.0;45;96;66;83;270.0;192;0.0;0.0;1386.0;126258.0;0.0;0.0;0.0;0.0;0.0;0.0;0.0;0.0;0.0;0.0;0.0;0.0;0.0;99666.0;144;0.0;0.0;20060.0;1668.0;277496.5
64.0;112.8;282.0;31794.5;5.0;2;0.0;1.0;45;96;66;83;225.0;192;0.0;83.0;1500.0;127758.0;2.0;4.0;8.0;2.0;59.0;82.0;101.0;164.0;118.0;328.0;808.0;328.0;1582.0;101248.0;144;0.0;0.0;20060.0;3364.0;280860.5
64.5;112.8;282.0;32076.5;6.0;2;0.0;0.0;45;96;66;83;270.0;192;0.0;0.0;1386.0;129144.0;0.0;0.0;0.0;0.0;0.0;0.0;0.0;0.0;0.0;0.0;0.0;0.0;0.0;101248.0;144;0.0;0.0;20060.0;1668.0;282528.5
65.0;112.8;282.0;32358.5;5.0;2;2.0;1.0;45;96;66;83;225.0;192;132.0;83.0;1896.0;131040.0;2.0;4.0;8.0;2.0;59.0;82.0;101.0;164.0;118.0;328.0;808.0;328.0;1582.0;102830.0;153;0.0;0.0;20060.0;3760.0;286288.5
65.5;112.8;282.0;32640.5;6.0;2;0.0;0.0;45;96;66;83;270.0;192;0.0;0.0;1386.0;132426.0;0.0;0.0;0.0;0.0;0.0;0.0;0.0;0.0;0.0;0.0;0.0;0.0;0.0;102830.0;153;0.0;0.0;20060.0;1668.0;287956.5
66.0;112.8;282.0;32922.5;5.0;2;0.0;1.0;45;96;66;83;225.0;192;0.0;83.0;1500.0;133926.0;2.0;4.0;8.0;2.0;59.0;82.0;101.0;164.0;118.0;328.0;808.0;328.0;1582.0;104412.0;153;2.0;1530.0;21590.0;4894.0;292850.5
66.5;112.8;282.0;33204.5;6.0;2;0.0;0.0;45;96;66;83;270.0;192;0.0;0.0;1386.0;135312.0;0.0;0.0;0.0;0.0;0.0;0.0;0.0;0.0;0.0;0.0;0.0;0.0;0.0;104412.0;153;0.0;0.0;21590.0;1668.0;294518.5
67.0;112.8;282.0;33486.5;5.0;2;0.0;1.0;45;96;66;83;225.0;192;0.0;83.0;1500.0;136812.0;2.0;4.0;8.0;2.0;59.0;82.0;101.0;164.0;118.0;328.0;808.0;328.0;1582.0;105994.0;153;0.0;0.0;21590.0;3364.0;297882.5
67.5;112.8;282.0;33768.5;6.0;2;0.0;0.0;46;102;66;83;276.0;204;0.0;0.0;1440.0;138252.0;0.0;0.0;0.0;0.0;0.0;0.0;0.0;0.0;0.0;0.0;0.0;0.0;0.0;105994.0;153;0.0;0.0;21590.0;1722.0;299604.5
68.0;112.8;282.0;34050.5;5.0;2;0.0;1.0;46;102;66;83;230.0;204;0.0;83.0;1551.0;139803.0;2.0;4.0;8.0;2.0;59.0;82.0;101.0;164.0;118.0;328.0;808.0;328.0;1582.0;107576.0;153;0.0;0.0;21590.0;3415.0;303019.5
68.5;112.8;282.0;34332.5;6.0;2;0.0;0.0;46;102;66;83;276.0;204;0.0;0.0;1440.0;141243.0;0.0;0.0;0.0;0.0;0.0;0.0;0.0;0.0;0.0;0.0;0.0;0.0;0.0;107576.0;153;0.0;0.0;21590.0;1722.0;304741.5
69.0;112.8;282.0;34614.5;5.0;2;0.0;1.0;46;102;66;83;230.0;204;0.0;83.0;1551.0;142794.0;2.0;4.0;8.0;2.0;59.0;82.0;101.0;164.0;118.0;328.0;808.0;328.0;1582.0;109158.0;153;2.0;1530.0;23120.0;4945.0;309686.5
69.5;112.8;282.0;34896.5;6.0;2;0.0;0.0;46;102;66;83;276.0;204;0.0;0.0;1440.0;144234.0;0.0;0.0;0.0;0.0;0.0;0.0;0.0;0.0;0.0;0.0;0.0;0.0;0.0;109158.0;153;0.0;0.0;23120.0;1722.0;311408.5
70.0;112.8;282.0;35178.5;5.0;2;2.0;1.0;46;102;66;83;230.0;204;132.0;83.0;1947.0;146181.0;2.0;4.0;8.0;2.0;59.0;82.0;101.0;164.0;118.0;328.0;808.0;328.0;1582.0;110740.0;162;0.0;0.0;23120.0;3811.0;315219.5
70.5;112.8;282.0;35460.5;6.0;2;0.0;0.0;46;102;66;83;276.0;204;0.0;0.0;1440.0;147621.0;0.0;0.0;0.0;0.0;0.0;0.0;0.0;0.0;0.0;0.0;0.0;0.0;0.0;110740.0;162;0.0;0.0;23120.0;1722.0;316941.5
71.0;112.8;282.0;35742.5;5.0;2;0.0;1.0;46;102;66;83;230.0;204;0.0;83.0;1551.0;149172.0;2.0;4.0;8.0;2.0;59.0;82.0;101.0;164.0;118.0;328.0;808.0;328.0;1582.0;112322.0;162;0.0;0.0;23120.0;3415.0;320356.5
71.5;112.8;282.0;36024.5;6.0;2;0.0;0.0;46;102;66;83;276.0;204;0.0;0.0;1440.0;150612.0;0.0;0.0;0.0;0.0;0.0;0.0;0.0;0.0;0.0;0.0;0.0;0.0;0.0;112322.0;162;0.0;0.0;23120.0;1722.0;322078.5
72.0;112.8;282.0;36306.5;5.0;2;0.0;1.0;46;102;66;83;230.0;204;0.0;83.0;1551.0;152163.0;2.0;4.0;8.0;2.0;59.0;82.0;101.0;164.0;118.0;328.0;808.0;328.0;1582.0;113904.0;162;2.0;1620.0;24740.0;5035.0;327113.5
72.5;112.8;282.0;36588.5;6.0;2;0.0;0.0;46;102;66;83;276.0;204;0.0;0.0;1440.0;153603.0;0.0;0.0;0.0;0.0;0.0;0.0;0.0;0.0;0.0;0.0;0.0;0.0;0.0;113904.0;162;0.0;0.0;24740.0;1722.0;328835.5
73.0;112.8;282.0;36870.5;5.0;2;0.0;1.0;46;102;66;83;230.0;204;0.0;83.0;1551.0;155154.0;2.0;4.0;8.0;2.0;59.0;82.0;101.0;164.0;118.0;328.0;808.0;328.0;1582.0;115486.0;162;0.0;0.0;24740.0;3415.0;332250.5
73.5;112.8;282.0;37152.5;6.0;2;0.0;0.0;46;102;66;83;276.0;204;0.0;0.0;1440.0;156594.0;0.0;0.0;0.0;0.0;0.0;0.0;0.0;0.0;0.0;0.0;0.0;0.0;0.0;115486.0;162;0.0;0.0;24740.0;1722.0;333972.5
74.0;112.8;282.0;37434.5;5.0;2;0.0;1.0;46;102;66;83;230.0;204;0.0;83.0;1551.0;158145.0;2.0;4.0;8.0;2.0;59.0;82.0;101.0;164.0;118.0;328.0;808.0;328.0;1582.0;117068.0;162;0.0;0.0;24740.0;3415.0;337387.5
74.5;112.8;282.0;37716.5;6.0;2;0.0;0.0;46;102;66;83;276.0;204;0.0;0.0;1440.0;159585.0;0.0;0.0;0.0;0.0;0.0;0.0;0.0;0.0;0.0;0.0;0.0;0.0;0.0;117068.0;162;0.0;0.0;24740.0;1722.0;339109.5
75.0;112.8;282.0;37998.5;5.0;2;2.0;1.0;47;108;66;83;235.0;216;132.0;83.0;1998.0;161583.0;2.0;4.0;8.0;2.0;59.0;82.0;101.0;164.0;118.0;328.0;808.0;328.0;1582.0;118650.0;171;2.0;1710.0;26450.0;5572.0;344681.5
75.5;112.8;282.0;38280.5;6.0;2;0.0;0.0;47;108;66;83;282.0;216;0.0;0.0;1494.0;163077.0;0.0;0.0;0.0;0.0;0.0;0.0;0.0;0.0;0.0;0.0;0.0;0.0;0.0;118650.0;171;0.0;0.0;26450.0;1776.0;346457.5
76.0;112.8;282.0;38562.5;5.0;2;0.0;1.0;47;108;66;83;235.0;216;0.0;83.0;1602.0;164679.0;2.0;4.0;8.0;2.0;59.0;82.0;101.0;164.0;118.0;328.0;808.0;328.0;1582.0;120232.0;171;0.0;0.0;26450.0;3466.0;349923.5
76.5;112.8;282.0;38844.5;6.0;2;0.0;0.0;47;108;66;83;282.0;216;0.0;0.0;1494.0;166173.0;0.0;0.0;0.0;0.0;0.0;0.0;0.0;0.0;0.0;0.0;0.0;0.0;0.0;120232.0;171;0.0;0.0;26450.0;1776.0;351699.5
77.0;112.8;282.0;39126.5;5.0;2;0.0;1.0;47;108;66;83;235.0;216;0.0;83.0;1602.0;167775.0;2.0;4.0;8.0;2.0;59.0;82.0;101.0;164.0;118.0;328.0;808.0;328.0;1582.0;121814.0;171;0.0;0.0;26450.0;3466.0;355165.5
77.5;112.8;282.0;39408.5;6.0;2;0.0;0.0;47;108;66;83;282.0;216;0.0;0.0;1494.0;169269.0;0.0;0.0;0.0;0.0;0.0;0.0;0.0;0.0;0.0;0.0;0.0;0.0;0.0;121814.0;171;0.0;0.0;26450.0;1776.0;356941.5
78.0;112.8;282.0;39690.5;5.0;2;0.0;1.0;47;108;66;83;235.0;216;0.0;83.0;1602.0;170871.0;2.0;4.0;8.0;2.0;59.0;82.0;101.0;164.0;118.0;328.0;808.0;328.0;1582.0;123396.0;171;2.0;1710.0;28160.0;5176.0;362117.5
78.5;112.8;282.0;39972.5;6.0;2;0.0;0.0;47;108;66;83;282.0;216;0.0;0.0;1494.0;172365.0;0.0;0.0;0.0;0.0;0.0;0.0;0.0;0.0;0.0;0.0;0.0;0.0;0.0;123396.0;171;0.0;0.0;28160.0;1776.0;363893.5
79.0;112.8;282.0;40254.5;5.0;2;0.0;1.0;47;108;66;83;235.0;216;0.0;83.0;1602.0;173967.0;2.0;4.0;8.0;2.0;59.0;82.0;101.0;164.0;118.0;328.0;808.0;328.0;1582.0;124978.0;171;0.0;0.0;28160.0;3466.0;367359.5
79.5;112.8;282.0;40536.5;6.0;2;0.0;0.0;47;108;66;83;282.0;216;0.0;0.0;1494.0;175461.0;0.0;0.0;0.0;0.0;0.0;0.0;0.0;0.0;0.0;0.0;0.0;0.0;0.0;124978.0;171;0.0;0.0;28160.0;1776.0;369135.5
80.0;112.8;282.0;40818.5;5.0;2;2.0;1.0;47;108;66;83;235.0;216;132.0;83.0;1998.0;177459.0;2.0;4.0;8.0;2.0;59.0;82.0;101.0;164.0;118.0;328.0;808.0;328.0;1582.0;126560.0;180;0.0;0.0;28160.0;3862.0;372997.5
80.5;112.8;282.0;41100.5;6.0;2;0.0;0.0;47;108;66;83;282.0;216;0.0;0.0;1494.0;178953.0;0.0;0.0;0.0;0.0;0.0;0.0;0.0;0.0;0.0;0.0;0.0;0.0;0.0;126560.0;180;0.0;0.0;28160.0;1776.0;374773.5
81.0;112.8;282.0;41382.5;5.0;2;0.0;1.0;47;108;66;83;235.0;216;0.0;83.0;1602.0;180555.0;2.0;4.0;8.0;2.0;59.0;82.0;101.0;164.0;118.0;328.0;808.0;328.0;1582.0;128142.0;180;2.0;1800.0;29960.0;5266.0;380039.5
81.5;112.8;282.0;41664.5;6.0;2;0.0;0.0;47;108;66;83;282.0;216;0.0;0.0;1494.0;182049.0;0.0;0.0;0.0;0.0;0.0;0.0;0.0;0.0;0.0;0.0;0.0;0.0;0.0;128142.0;180;0.0;0.0;29960.0;1776.0;381815.5
82.0;112.8;282.0;41946.5;5.0;2;0.0;1.0;47;108;66;83;235.0;216;0.0;83.0;1602.0;183651.0;2.0;4.0;8.0;2.0;59.0;82.0;101.0;164.0;118.0;328.0;808.0;328.0;1582.0;129724.0;180;0.0;0.0;29960.0;3466.0;385281.5
82.5;112.8;282.0;42228.5;6.0;2;0.0;0.0;48;114;66;83;288.0;228;0.0;0.0;1548.0;185199.0;0.0;0.0;0.0;0.0;0.0;0.0;0.0;0.0;0.0;0.0;0.0;0.0;0.0;129724.0;180;0.0;0.0;29960.0;1830.0;387111.5
83.0;112.8;282.0;42510.5;5.0;2;0.0;1.0;48;114;66;83;240.0;228;0.0;83.0;1653.0;186852.0;2.0;4.0;8.0;2.0;59.0;82.0;101.0;164.0;118.0;328.0;808.0;328.0;1582.0;131306.0;180;0.0;0.0;29960.0;3517.0;390628.5
83.5;112.8;282.0;42792.5;6.0;2;0.0;0.0;48;114;66;83;288.0;228;0.0;0.0;1548.0;188400.0;0.0;0.0;0.0;0.0;0.0;0.0;0.0;0.0;0.0;0.0;0.0;0.0;0.0;131306.0;180;0.0;0.0;29960.0;1830.0;392458.5
84.0;112.8;282.0;43074.5;5.0;2;0.0;1.0;48;114;66;83;240.0;228;0.0;83.0;1653.0;190053.0;2.0;4.0;8.0;2.0;59.0;82.0;101.0;164.0;118.0;328.0;808.0;328.0;1582.0;132888.0;180;2.0;1800.0;31760.0;5317.0;397775.5
84.5;112.8;282.0;43356.5;6.0;2;0.0;0.0;48;114;66;83;288.0;228;0.0;0.0;1548.0;191601.0;0.0;0.0;0.0;0.0;0.0;0.0;0.0;0.0;0.0;0.0;0.0;0.0;0.0;132888.0;180;0.0;0.0;31760.0;1830.0;399605.5
85.0;112.8;282.0;43638.5;5.0;2;2.0;1.0;48;114;66;83;240.0;228;132.0;83.0;2049.0;193650.0;2.0;4.0;8.0;2.0;59.0;82.0;101.0;164.0;118.0;328.0;808.0;328.0;1582.0;134470.0;189;0.0;0.0;31760.0;3913.0;403518.5
85.5;112.8;282.0;43920.5;6.0;2;0.0;0.0;48;114;66;83;288.0;228;0.0;0.0;1548.0;195198.0;0.0;0.0;0.0;0.0;0.0;0.0;0.0;0.0;0.0;0.0;0.0;0.0;0.0;134470.0;189;0.0;0.0;31760.0;1830.0;405348.5
86.0;112.8;282.0;44202.5;5.0;2;0.0;1.0;48;114;66;83;240.0;228;0.0;83.0;1653.0;196851.0;2.0;4.0;8.0;2.0;59.0;82.0;101.0;164.0;118.0;328.0;808.0;328.0;1582.0;136052.0;189;0.0;0.0;31760.0;3517.0;408865.5
86.5;112.8;282.0;44484.5;6.0;2;0.0;0.0;48;114;66;83;288.0;228;0.0;0.0;1548.0;198399.0;0.0;0.0;0.0;0.0;0.0;0.0;0.0;0.0;0.0;0.0;0.0;0.0;0.0;136052.0;189;0.0;0.0;31760.0;1830.0;410695.5
87.0;129.0;322.5;44807.0;5.0;2;0.0;1.0;48;114;66;83;240.0;228;0.0;83.0;1653.0;200052.0;2.0;4.0;8.0;2.0;59.0;82.0;101.0;164.0;118.0;328.0;808.0;328.0;1582.0;137634.0;189;2.0;1890.0;33650.0;5447.5;416143.0
87.5;129.0;322.5;45129.5;6.0;2;0.0;0.0;48;114;66;83;288.0;228;0.0;0.0;1548.0;201600.0;0.0;0.0;0.0;0.0;0.0;0.0;0.0;0.0;0.0;0.0;0.0;0.0;0.0;137634.0;189;0.0;0.0;33650.0;1870.5;418013.5
88.0;129.0;322.5;45452.0;5.0;2;0.0;1.0;48;114;66;83;240.0;228;0.0;83.0;1653.0;203253.0;2.0;4.0;8.0;2.0;59.0;82.0;101.0;164.0;118.0;328.0;808.0;328.0;1582.0;139216.0;189;0.0;0.0;33650.0;3557.5;421571.0
88.5;129.0;322.5;45774.5;6.0;2;0.0;0.0;48;114;66;83;288.0;228;0.0;0.0;1548.0;204801.0;0.0;0.0;0.0;0.0;0.0;0.0;0.0;0.0;0.0;0.0;0.0;0.0;0.0;139216.0;189;0.0;0.0;33650.0;1870.5;423441.5
89.0;129.0;322.5;46097.0;5.0;2;0.0;1.0;48;114;66;83;240.0;228;0.0;83.0;1653.0;206454.0;2.0;4.0;8.0;2.0;59.0;82.0;101.0;164.0;118.0;328.0;808.0;328.0;1582.0;140798.0;189;0.0;0.0;33650.0;3557.5;426999.0
89.5;129.0;322.5;46419.5;6.0;2;0.0;0.0;48;114;66;83;288.0;228;0.0;0.0;1548.0;208002.0;0.0;0.0;0.0;0.0;0.0;0.0;0.0;0.0;0.0;0.0;0.0;0.0;0.0;140798.0;189;0.0;0.0;33650.0;1870.5;428869.5
90.0;129.0;322.5;46742.0;5.0;2;2.0;1.0;49;120;66;83;245.0;240;132.0;83.0;2100.0;210102.0;2.0;4.0;8.0;2.0;59.0;82.0;101.0;164.0;118.0;328.0;808.0;328.0;1582.0;142380.0;198;2.0;1980.0;35630.0;5984.5;434854.0
90.5;129.0;322.5;47064.5;6.0;2;0.0;0.0;49;120;66;83;294.0;240;0.0;0.0;1602.0;211704.0;0.0;0.0;0.0;0.0;0.0;0.0;0.0;0.0;0.0;0.0;0.0;0.0;0.0;142380.0;198;0.0;0.0;35630.0;1924.5;436778.5
91.0;129.0;322.5;47387.0;5.0;2;0.0;1.0;49;120;66;83;245.0;240;0.0;83.0;1704.0;213408.0;2.0;4.0;8.0;2.0;59.0;82.0;101.0;164.0;118.0;328.0;808.0;328.0;1582.0;143962.0;198;0.0;0.0;35630.0;3608.5;440387.0
91.5;129.0;322.5;47709.5;6.0;2;0.0;0.0;49;120;66;83;294.0;240;0.0;0.0;1602.0;215010.0;0.0;0.0;0.0;0.0;0.0;0.0;0.0;0.0;0.0;0.0;0.0;0.0;0.0;143962.0;198;0.0;0.0;35630.0;1924.5;442311.5
92.0;129.0;322.5;48032.0;5.0;2;0.0;1.0;49;120;66;83;245.0;240;0.0;83.0;1704.0;216714.0;2.0;4.0;8.0;2.0;59.0;82.0;101.0;164.0;118.0;328.0;808.0;328.0;1582.0;145544.0;198;0.0;0.0;35630.0;3608.5;445920.0
92.5;129.0;322.5;48354.5;6.0;2;0.0;0.0;49;120;66;83;294.0;240;0.0;0.0;1602.0;218316.0;0.0;0.0;0.0;0.0;0.0;0.0;0.0;0.0;0.0;0.0;0.0;0.0;0.0;145544.0;198;0.0;0.0;35630.0;1924.5;447844.5
93.0;129.0;322.5;48677.0;5.0;2;0.0;1.0;49;120;66;83;245.0;240;0.0;83.0;1704.0;220020.0;2.0;4.0;8.0;2.0;59.0;82.0;101.0;164.0;118.0;328.0;808.0;328.0;1582.0;147126.0;198;2.0;1980.0;37610.0;5588.5;453433.0
93.5;129.0;322.5;48999.5;6.0;2;0.0;0.0;49;120;66;83;294.0;240;0.0;0.0;1602.0;221622.0;0.0;0.0;0.0;0.0;0.0;0.0;0.0;0.0;0.0;0.0;0.0;0.0;0.0;147126.0;198;0.0;0.0;37610.0;1924.5;455357.5
94.0;129.0;322.5;49322.0;5.0;2;0.0;1.0;49;120;66;83;245.0;240;0.0;83.0;1704.0;223326.0;2.0;4.0;8.0;2.0;59.0;82.0;101.0;164.0;118.0;328.0;808.0;328.0;1582.0;148708.0;198;0.0;0.0;37610.0;3608.5;458966.0
94.5;129.0;322.5;49644.5;6.0;2;0.0;0.0;49;120;66;83;294.0;240;0.0;0.0;1602.0;224928.0;0.0;0.0;0.0;0.0;0.0;0.0;0.0;0.0;0.0;0.0;0.0;0.0;0.0;148708.0;198;0.0;0.0;37610.0;1924.5;460890.5
95.0;129.0;322.5;49967.0;5.0;2;2.0;1.0;49;120;66;83;245.0;240;132.0;83.0;2100.0;227028.0;2.0;4.0;8.0;2.0;59.0;82.0;101.0;164.0;118.0;328.0;808.0;328.0;1582.0;150290.0;207;0.0;0.0;37610.0;4004.5;464895.0
95.5;129.0;322.5;50289.5;6.0;2;0.0;0.0;49;120;66;83;294.0;240;0.0;0.0;1602.0;228630.0;0.0;0.0;0.0;0.0;0.0;0.0;0.0;0.0;0.0;0.0;0.0;0.0;0.0;150290.0;207;0.0;0.0;37610.0;1924.5;466819.5
96.0;129.0;322.5;50612.0;5.0;2;0.0;1.0;49;120;66;83;245.0;240;0.0;83.0;1704.0;230334.0;2.0;4.0;8.0;2.0;59.0;82.0;101.0;164.0;118.0;328.0;808.0;328.0;1582.0;151872.0;207;2.0;2070.0;39680.0;5678.5;472498.0
96.5;129.0;322.5;50934.5;6.0;2;0.0;0.0;49;120;66;83;294.0;240;0.0;0.0;1602.0;231936.0;0.0;0.0;0.0;0.0;0.0;0.0;0.0;0.0;0.0;0.0;0.0;0.0;0.0;151872.0;207;0.0;0.0;39680.0;1924.5;474422.5
97.0;129.0;322.5;51257.0;5.0;2;0.0;1.0;49;120;66;83;245.0;240;0.0;83.0;1704.0;233640.0;2.0;4.0;8.0;2.0;59.0;82.0;101.0;164.0;118.0;328.0;808.0;328.0;1582.0;153454.0;207;0.0;0.0;39680.0;3608.5;478031.0
97.5;129.0;322.5;51579.5;6.0;2;0.0;0.0;50;126;66;83;300.0;252;0.0;0.0;1656.0;235296.0;0.0;0.0;0.0;0.0;0.0;0.0;0.0;0.0;0.0;0.0;0.0;0.0;0.0;153454.0;207;0.0;0.0;39680.0;1978.5;480009.5
98.0;129.0;322.5;51902.0;5.0;2;0.0;1.0;50;126;66;83;250.0;252;0.0;83.0;1755.0;237051.0;2.0;4.0;8.0;2.0;59.0;82.0;101.0;164.0;118.0;328.0;808.0;328.0;1582.0;155036.0;207;0.0;0.0;39680.0;3659.5;483669.0
98.5;129.0;322.5;52224.5;6.0;2;0.0;0.0;50;126;66;83;300.0;252;0.0;0.0;1656.0;238707.0;0.0;0.0;0.0;0.0;0.0;0.0;0.0;0.0;0.0;0.0;0.0;0.0;0.0;155036.0;207;0.0;0.0;39680.0;1978.5;485647.5
99.0;129.0;322.5;52547.0;5.0;2;0.0;1.0;50;126;66;83;250.0;252;0.0;83.0;1755.0;240462.0;2.0;4.0;8.0;2.0;59.0;82.0;101.0;164.0;118.0;328.0;808.0;328.0;1582.0;156618.0;207;2.0;2070.0;41750.0;5729.5;491377.0
99.5;129.0;322.5;52869.5;6.0;2;0.0;0.0;50;126;66;83;300.0;252;0.0;0.0;1656.0;242118.0;0.0;0.0;0.0;0.0;0.0;0.0;0.0;0.0;0.0;0.0;0.0;0.0;0.0;156618.0;207;0.0;0.0;41750.0;1978.5;493355.5
100.0;129.0;322.5;53192.0;5.0;2;2.0;1.0;50;126;66;83;250.0;252;132.0;83.0;2151.0;244269.0;2.0;4.0;8.0;2.0;59.0;82.0;101.0;164.0;118.0;328.0;808.0;328.0;1582.0;158200.0;216;0.0;0.0;41750.0;4055.5;497411.0
100.5;129.0;322.5;53514.5;6.0;2;0.0;0.0;50;126;66;83;300.0;252;0.0;0.0;1656.0;245925.0;0.0;0.0;0.0;0.0;0.0;0.0;0.0;0.0;0.0;0.0;0.0;0.0;0.0;158200.0;216;0.0;0.0;41750.0;1978.5;499389.5
101.0;129.0;322.5;53837.0;5.0;2;0.0;1.0;50;126;66;83;250.0;252;0.0;83.0;1755.0;247680.0;2.0;4.0;8.0;2.0;59.0;82.0;101.0;164.0;118.0;328.0;808.0;328.0;1582.0;159782.0;216;0.0;0.0;41750.0;3659.5;503049.0
101.5;129.0;322.5;54159.5;6.0;2;0.0;0.0;50;126;66;83;300.0;252;0.0;0.0;1656.0;249336.0;0.0;0.0;0.0;0.0;0.0;0.0;0.0;0.0;0.0;0.0;0.0;0.0;0.0;159782.0;216;0.0;0.0;41750.0;1978.5;505027.5
102.0;129.0;322.5;54482.0;5.0;2;0.0;1.0;50;126;66;83;250.0;252;0.0;83.0;1755.0;251091.0;2.0;4.0;8.0;2.0;59.0;82.0;101.0;164.0;118.0;328.0;808.0;328.0;1582.0;161364.0;216;2.0;2160.0;43910.0;5819.5;510847.0
102.5;129.0;322.5;54804.5;6.0;2;0.0;0.0;50;126;66;83;300.0;252;0.0;0.0;1656.0;252747.0;0.0;0.0;0.0;0.0;0.0;0.0;0.0;0.0;0.0;0.0;0.0;0.0;0.0;161364.0;216;0.0;0.0;43910.0;1978.5;512825.5
103.0;129.0;322.5;55127.0;5.0;2;0.0;1.0;50;126;66;83;250.0;252;0.0;83.0;1755.0;254502.0;2.0;4.0;8.0;2.0;59.0;82.0;101.0;164.0;118.0;328.0;808.0;328.0;1582.0;162946.0;216;0.0;0.0;43910.0;3659.5;516485.0
103.5;129.0;322.5;55449.5;6.0;2;0.0;0.0;50;126;66;83;300.0;252;0.0;0.0;1656.0;256158.0;0.0;0.0;0.0;0.0;0.0;0.0;0.0;0.0;0.0;0.0;0.0;0.0;0.0;162946.0;216;0.0;0.0;43910.0;1978.5;518463.5
104.0;129.0;322.5;55772.0;5.0;2;0.0;1.0;50;126;66;83;250.0;252;0.0;83.0;1755.0;257913.0;2.0;4.0;8.0;2.0;59.0;82.0;101.0;164.0;118.0;328.0;808.0;328.0;1582.0;164528.0;216;0.0;0.0;43910.0;3659.5;522123.0
104.5;129.0;322.5;56094.5;6.0;2;0.0;0.0;50;126;66;83;300.0;252;0.0;0.0;1656.0;259569.0;0.0;0.0;0.0;0.0;0.0;0.0;0.0;0.0;0.0;0.0;0.0;0.0;0.0;164528.0;216;0.0;0.0;43910.0;1978.5;524101.5
105.0;129.0;322.5;56417.0;5.0;2;2.0;1.0;51;132;66;83;255.0;264;132.0;83.0;2202.0;261771.0;2.0;4.0;8.0;2.0;59.0;82.0;101.0;164.0;118.0;328.0;808.0;328.0;1582.0;166110.0;225;2.0;2250.0;46160.0;6356.5;530458.0
105.5;129.0;322.5;56739.5;6.0;2;0.0;0.0;51;132;66;83;306.0;264;0.0;0.0;1710.0;263481.0;0.0;0.0;0.0;0.0;0.0;0.0;0.0;0.0;0.0;0.0;0.0;0.0;0.0;166110.0;225;0.0;0.0;46160.0;2032.5;532490.5
106.0;129.0;322.5;57062.0;5.0;2;0.0;1.0;51;132;66;83;255.0;264;0.0;83.0;1806.0;265287.0;2.0;4.0;8.0;2.0;59.0;82.0;101.0;164.0;118.0;328.0;808.0;328.0;1582.0;167692.0;225;0.0;0.0;46160.0;3710.5;536201.0
106.5;129.0;322.5;57384.5;6.0;2;0.0;0.0;51;132;66;83;306.0;264;0.0;0.0;1710.0;266997.0;0.0;0.0;0.0;0.0;0.0;0.0;0.0;0.0;0.0;0.0;0.0;0.0;0.0;167692.0;225;0.0;0.0;46160.0;2032.5;538233.5
107.0;129.0;322.5;57707.0;5.0;2;0.0;1.0;51;132;66;83;255.0;264;0.0;83.0;1806.0;268803.0;2.0;4.0;8.0;2.0;59.0;82.0;101.0;164.0;118.0;328.0;808.0;328.0;1582.0;169274.0;225;0.0;0.0;46160.0;3710.5;541944.0
107.5;129.0;322.5;58029.5;6.0;2;0.0;0.0;51;132;66;83;306.0;264;0.0;0.0;1710.0;270513.0;0.0;0.0;0.0;0.0;0.0;0.0;0.0;0.0;0.0;0.0;0.0;0.0;0.0;169274.0;225;0.0;0.0;46160.0;2032.5;543976.5
108.0;129.0;322.5;58352.0;5.0;2;0.0;1.0;51;132;66;83;255.0;264;0.0;83.0;1806.0;272319.0;2.0;4.0;8.0;2.0;59.0;82.0;101.0;164.0;118.0;328.0;808.0;328.0;1582.0;170856.0;225;2.0;2250.0;48410.0;5960.5;549937.0
108.5;129.0;322.5;58674.5;6.0;2;0.0;0.0;51;132;66;83;306.0;264;0.0;0.0;1710.0;274029.0;0.0;0.0;0.0;0.0;0.0;0.0;0.0;0.0;0.0;0.0;0.0;0.0;0.0;170856.0;225;0.0;0.0;48410.0;2032.5;551969.5
109.0;129.0;322.5;58997.0;5.0;2;0.0;1.0;51;132;66;83;255.0;264;0.0;83.0;1806.0;275835.0;2.0;4.0;8.0;2.0;59.0;82.0;101.0;164.0;118.0;328.0;808.0;328.0;1582.0;172438.0;225;0.0;0.0;48410.0;3710.5;555680.0
109.5;129.0;322.5;59319.5;6.0;2;0.0;0.0;51;132;66;83;306.0;264;0.0;0.0;1710.0;277545.0;0.0;0.0;0.0;0.0;0.0;0.0;0.0;0.0;0.0;0.0;0.0;0.0;0.0;172438.0;225;0.0;0.0;48410.0;2032.5;557712.5
110.0;129.0;322.5;59642.0;5.0;2;2.0;1.0;51;132;66;83;255.0;264;132.0;83.0;2202.0;279747.0;2.0;4.0;8.0;2.0;59.0;82.0;101.0;164.0;118.0;328.0;808.0;328.0;1582.0;174020.0;234;0.0;0.0;48410.0;4106.5;561819.0
110.5;129.0;322.5;59964.5;6.0;2;0.0;0.0;51;132;66;83;306.0;264;0.0;0.0;1710.0;281457.0;0.0;0.0;0.0;0.0;0.0;0.0;0.0;0.0;0.0;0.0;0.0;0.0;0.0;174020.0;234;0.0;0.0;48410.0;2032.5;563851.5
111.0;129.0;322.5;60287.0;5.0;2;0.0;1.0;51;132;66;83;255.0;264;0.0;83.0;1806.0;283263.0;2.0;4.0;8.0;2.0;59.0;82.0;101.0;164.0;118.0;328.0;808.0;328.0;1582.0;175602.0;234;2.0;2340.0;50750.0;6050.5;569902.0
111.5;129.0;322.5;60609.5;6.0;2;0.0;0.0;51;132;66;83;306.0;264;0.0;0.0;1710.0;284973.0;0.0;0.0;0.0;0.0;0.0;0.0;0.0;0.0;0.0;0.0;0.0;0.0;0.0;175602.0;234;0.0;0.0;50750.0;2032.5;571934.5
112.0;139.0;347.5;60957.0;5.0;2;0.0;1.0;51;132;66;83;255.0;264;0.0;83.0;1806.0;286779.0;2.0;4.0;8.0;2.0;59.0;82.0;101.0;164.0;118.0;328.0;808.0;328.0;1582.0;177184.0;234;0.0;0.0;50750.0;3735.5;575670.0
112.5;139.0;347.5;61304.5;6.0;2;0.0;0.0;52;138;66;83;312.0;276;0.0;0.0;1764.0;288543.0;0.0;0.0;0.0;0.0;0.0;0.0;0.0;0.0;0.0;0.0;0.0;0.0;0.0;177184.0;234;0.0;0.0;50750.0;2111.5;577781.5
113.0;139.0;347.5;61652.0;5.0;2;0.0;1.0;52;138;66;83;260.0;276;0.0;83.0;1857.0;290400.0;2.0;4.0;8.0;2.0;59.0;82.0;101.0;164.0;118.0;328.0;808.0;328.0;1582.0;178766.0;234;0.0;0.0;50750.0;3786.5;581568.0
113.5;139.0;347.5;61999.5;6.0;2;0.0;0.0;52;138;66;83;312.0;276;0.0;0.0;1764.0;292164.0;0.0;0.0;0.0;0.0;0.0;0.0;0.0;0.0;0.0;0.0;0.0;0.0;0.0;178766.0;234;0.0;0.0;50750.0;2111.5;583679.5
114.0;139.0;347.5;62347.0;5.0;2;0.0;1.0;52;138;66;83;260.0;276;0.0;83.0;1857.0;294021.0;2.0;4.0;8.0;2.0;59.0;82.0;101.0;164.0;118.0;328.0;808.0;328.0;1582.0;180348.0;234;2.0;2340.0;53090.0;6126.5;589806.0
114.5;139.0;347.5;62694.5;6.0;2;0.0;0.0;52;138;66;83;312.0;276;0.0;0.0;1764.0;295785.0;0.0;0.0;0.0;0.0;0.0;0.0;0.0;0.0;0.0;0.0;0.0;0.0;0.0;180348.0;234;0.0;0.0;53090.0;2111.5;591917.5
115.0;139.0;347.5;63042.0;5.0;2;2.0;1.0;52;138;66;83;260.0;276;132.0;83.0;2253.0;298038.0;2.0;4.0;8.0;2.0;59.0;82.0;101.0;164.0;118.0;328.0;808.0;328.0;1582.0;181930.0;243;0.0;0.0;53090.0;4182.5;596100.0
115.5;139.0;347.5;63389.5;6.0;2;0.0;0.0;52;138;66;83;312.0;276;0.0;0.0;1764.0;299802.0;0.0;0.0;0.0;0.0;0.0;0.0;0.0;0.0;0.0;0.0;0.0;0.0;0.0;181930.0;243;0.0;0.0;53090.0;2111.5;598211.5
116.0;139.0;347.5;63737.0;5.0;2;0.0;1.0;52;138;66;83;260.0;276;0.0;83.0;1857.0;301659.0;2.0;4.0;8.0;2.0;59.0;82.0;101.0;164.0;118.0;328.0;808.0;328.0;1582.0;183512.0;243;0.0;0.0;53090.0;3786.5;601998.0
116.5;139.0;347.5;64084.5;6.0;2;0.0;0.0;52;138;66;83;312.0;276;0.0;0.0;1764.0;303423.0;0.0;0.0;0.0;0.0;0.0;0.0;0.0;0.0;0.0;0.0;0.0;0.0;0.0;183512.0;243;0.0;0.0;53090.0;2111.5;604109.5
117.0;139.0;347.5;64432.0;5.0;2;0.0;1.0;52;138;66;83;260.0;276;0.0;83.0;1857.0;305280.0;2.0;4.0;8.0;2.0;59.0;82.0;101.0;164.0;118.0;328.0;808.0;328.0;1582.0;185094.0;243;2.0;2430.0;55520.0;6216.5;610326.0
117.5;139.0;347.5;64779.5;6.0;2;0.0;0.0;52;138;66;83;312.0;276;0.0;0.0;1764.0;307044.0;0.0;0.0;0.0;0.0;0.0;0.0;0.0;0.0;0.0;0.0;0.0;0.0;0.0;185094.0;243;0.0;0.0;55520.0;2111.5;612437.5
118.0;139.0;347.5;65127.0;5.0;2;0.0;1.0;52;138;66;83;260.0;276;0.0;83.0;1857.0;308901.0;2.0;4.0;8.0;2.0;59.0;82.0;101.0;164.0;118.0;328.0;808.0;328.0;1582.0;186676.0;243;0.0;0.0;55520.0;3786.5;616224.0
118.5;139.0;347.5;65474.5;6.0;2;0.0;0.0;52;138;66;83;312.0;276;0.0;0.0;1764.0;310665.0;0.0;0.0;0.0;0.0;0.0;0.0;0.0;0.0;0.0;0.0;0.0;0.0;0.0;186676.0;243;0.0;0.0;55520.0;2111.5;618335.5
119.0;139.0;347.5;65822.0;5.0;2;0.0;1.0;52;138;66;83;260.0;276;0.0;83.0;1857.0;312522.0;2.0;4.0;8.0;2.0;59.0;82.0;101.0;164.0;118.0;328.0;808.0;328.0;1582.0;188258.0;243;0.0;0.0;55520.0;3786.5;622122.0
119.5;139.0;347.5;66169.5;6.0;2;0.0;0.0;52;138;66;83;312.0;276;0.0;0.0;1764.0;314286.0;0.0;0.0;0.0;0.0;0.0;0.0;0.0;0.0;0.0;0.0;0.0;0.0;0.0;188258.0;243;0.0;0.0;55520.0;2111.5;624233.5
120.0;139.0;347.5;66517.0;5.0;2;2.0;1.0;53;144;66;83;265.0;288;132.0;83.0;2304.0;316590.0;2.0;4.0;8.0;2.0;59.0;82.0;101.0;164.0;118.0;328.0;808.0;328.0;1582.0;189840.0;252;2.0;2520.0;58040.0;6753.5;630987.0
120.5;139.0;347.5;66864.5;6.0;2;0.0;0.0;53;144;66;83;318.0;288;0.0;0.0;1818.0;318408.0;0.0;0.0;0.0;0.0;0.0;0.0;0.0;0.0;0.0;0.0;0.0;0.0;0.0;189840.0;252;0.0;0.0;58040.0;2165.5;633152.5
121.0;139.0;347.5;67212.0;5.0;2;0.0;1.0;53;144;66;83;265.0;288;0.0;83.0;1908.0;320316.0;2.0;4.0;8.0;2.0;59.0;82.0;101.0;164.0;118.0;328.0;808.0;328.0;1582.0;191422.0;252;0.0;0.0;58040.0;3837.5;636990.0
121.5;139.0;347.5;67559.5;6.0;2;0.0;0.0;53;144;66;83;318.0;288;0.0;0.0;1818.0;322134.0;0.0;0.0;0.0;0.0;0.0;0.0;0.0;0.0;0.0;0.0;0.0;0.0;0.0;191422.0;252;0.0;0.0;58040.0;2165.5;639155.5
122.0;139.0;347.5;67907.0;5.0;2;0.0;1.0;53;144;66;83;265.0;288;0.0;83.0;1908.0;324042.0;2.0;4.0;8.0;2.0;59.0;82.0;101.0;164.0;118.0;328.0;808.0;328.0;1582.0;193004.0;252;0.0;0.0;58040.0;3837.5;642993.0
122.5;139.0;347.5;68254.5;6.0;2;0.0;0.0;53;144;66;83;318.0;288;0.0;0.0;1818.0;325860.0;0.0;0.0;0.0;0.0;0.0;0.0;0.0;0.0;0.0;0.0;0.0;0.0;0.0;193004.0;252;0.0;0.0;58040.0;2165.5;645158.5
123.0;139.0;347.5;68602.0;5.0;2;0.0;1.0;53;144;66;83;265.0;288;0.0;83.0;1908.0;327768.0;2.0;4.0;8.0;2.0;59.0;82.0;101.0;164.0;118.0;328.0;808.0;328.0;1582.0;194586.0;252;2.0;2520.0;60560.0;6357.5;651516.0
123.5;139.0;347.5;68949.5;6.0;2;0.0;0.0;53;144;66;83;318.0;288;0.0;0.0;1818.0;329586.0;0.0;0.0;0.0;0.0;0.0;0.0;0.0;0.0;0.0;0.0;0.0;0.0;0.0;194586.0;252;0.0;0.0;60560.0;2165.5;653681.5
124.0;139.0;347.5;69297.0;5.0;2;0.0;1.0;53;144;66;83;265.0;288;0.0;83.0;1908.0;331494.0;2.0;4.0;8.0;2.0;59.0;82.0;101.0;164.0;118.0;328.0;808.0;328.0;1582.0;196168.0;252;0.0;0.0;60560.0;3837.5;657519.0
124.5;139.0;347.5;69644.5;6.0;2;0.0;0.0;53;144;66;83;318.0;288;0.0;0.0;1818.0;333312.0;0.0;0.0;0.0;0.0;0.0;0.0;0.0;0.0;0.0;0.0;0.0;0.0;0.0;196168.0;252;0.0;0.0;60560.0;2165.5;659684.5
125.0;139.0;347.5;69992.0;5.0;2;2.0;1.0;53;144;66;83;265.0;288;132.0;83.0;2304.0;335616.0;2.0;4.0;8.0;2.0;59.0;82.0;101.0;164.0;118.0;328.0;808.0;328.0;1582.0;197750.0;261;0.0;0.0;60560.0;4233.5;663918.0
125.5;139.0;347.5;70339.5;6.0;2;0.0;0.0;53;144;66;83;318.0;288;0.0;0.0;1818.0;337434.0;0.0;0.0;0.0;0.0;0.0;0.0;0.0;0.0;0.0;0.0;0.0;0.0;0.0;197750.0;261;0.0;0.0;60560.0;2165.5;666083.5
126.0;139.0;347.5;70687.0;5.0;2;0.0;1.0;53;144;66;83;265.0;288;0.0;83.0;1908.0;339342.0;2.0;4.0;8.0;2.0;59.0;82.0;101.0;164.0;118.0;328.0;808.0;328.0;1582.0;199332.0;261;2.0;2610.0;63170.0;6447.5;672531.0
126.5;139.0;347.5;71034.5;6.0;2;0.0;0.0;53;144;66;83;318.0;288;0.0;0.0;1818.0;341160.0;0.0;0.0;0.0;0.0;0.0;0.0;0.0;0.0;0.0;0.0;0.0;0.0;0.0;199332.0;261;0.0;0.0;63170.0;2165.5;674696.5
127.0;139.0;347.5;71382.0;5.0;2;0.0;1.0;53;144;66;83;265.0;288;0.0;83.0;1908.0;343068.0;2.0;4.0;8.0;2.0;59.0;82.0;101.0;164.0;118.0;328.0;808.0;328.0;1582.0;200914.0;261;0.0;0.0;63170.0;3837.5;678534.0
127.5;139.0;347.5;71729.5;6.0;2;0.0;0.0;54;150;66;83;324.0;300;0.0;0.0;1872.0;344940.0;0.0;0.0;0.0;0.0;0.0;0.0;0.0;0.0;0.0;0.0;0.0;0.0;0.0;200914.0;261;0.0;0.0;63170.0;2219.5;680753.5
128.0;139.0;347.5;72077.0;5.0;2;0.0;1.0;54;150;66;83;270.0;300;0.0;83.0;1959.0;346899.0;2.0;4.0;8.0;2.0;59.0;82.0;101.0;164.0;118.0;328.0;808.0;328.0;1582.0;202496.0;261;0.0;0.0;63170.0;3888.5;684642.0
128.5;139.0;347.5;72424.5;6.0;2;0.0;0.0;54;150;66;83;324.0;300;0.0;0.0;1872.0;348771.0;0.0;0.0;0.0;0.0;0.0;0.0;0.0;0.0;0.0;0.0;0.0;0.0;0.0;202496.0;261;0.0;0.0;63170.0;2219.5;686861.5
129.0;139.0;347.5;72772.0;5.0;2;0.0;1.0;54;150;66;83;270.0;300;0.0;83.0;1959.0;350730.0;2.0;4.0;8.0;2.0;59.0;82.0;101.0;164.0;118.0;328.0;808.0;328.0;1582.0;204078.0;261;2.0;2610.0;65780.0;6498.5;693360.0
129.5;139.0;347.5;73119.5;6.0;2;0.0;0.0;54;150;66;83;324.0;300;0.0;0.0;1872.0;352602.0;0.0;0.0;0.0;0.0;0.0;0.0;0.0;0.0;0.0;0.0;0.0;0.0;0.0;204078.0;261;0.0;0.0;65780.0;2219.5;695579.5
130.0;139.0;347.5;73467.0;5.0;2;2.0;1.0;54;150;66;83;270.0;300;132.0;83.0;2355.0;354957.0;2.0;4.0;8.0;2.0;59.0;82.0;101.0;164.0;118.0;328.0;808.0;328.0;1582.0;205660.0;270;0.0;0.0;65780.0;4284.5;699864.0
130.5;139.0;347.5;73814.5;6.0;2;0.0;0.0;54;150;66;83;324.0;300;0.0;0.0;1872.0;356829.0;0.0;0.0;0.0;0.0;0.0;0.0;0.0;0.0;0.0;0.0;0.0;0.0;0.0;205660.0;270;0.0;0.0;65780.0;2219.5;702083.5
131.0;139.0;347.5;74162.0;5.0;2;0.0;1.0;54;150;66;83;270.0;300;0.0;83.0;1959.0;358788.0;2.0;4.0;8.0;2.0;59.0;82.0;101.0;164.0;118.0;328.0;808.0;328.0;1582.0;207242.0;270;0.0;0.0;65780.0;3888.5;705972.0
131.5;139.0;347.5;74509.5;6.0;2;0.0;0.0;54;150;66;83;324.0;300;0.0;0.0;1872.0;360660.0;0.0;0.0;0.0;0.0;0.0;0.0;0.0;0.0;0.0;0.0;0.0;0.0;0.0;207242.0;270;0.0;0.0;65780.0;2219.5;708191.5
132.0;139.0;347.5;74857.0;5.0;2;0.0;1.0;54;150;66;83;270.0;300;0.0;83.0;1959.0;362619.0;2.0;4.0;8.0;2.0;59.0;82.0;101.0;164.0;118.0;328.0;808.0;328.0;1582.0;208824.0;270;2.0;2700.0;68480.0;6588.5;714780.0
132.5;139.0;347.5;75204.5;6.0;2;0.0;0.0;54;150;66;83;324.0;300;0.0;0.0;1872.0;364491.0;0.0;0.0;0.0;0.0;0.0;0.0;0.0;0.0;0.0;0.0;0.0;0.0;0.0;208824.0;270;0.0;0.0;68480.0;2219.5;716999.5
133.0;139.0;347.5;75552.0;5.0;2;0.0;1.0;54;150;66;83;270.0;300;0.0;83.0;1959.0;366450.0;2.0;4.0;8.0;2.0;59.0;82.0;101.0;164.0;118.0;328.0;808.0;328.0;1582.0;210406.0;270;0.0;0.0;68480.0;3888.5;720888.0
133.5;139.0;347.5;75899.5;6.0;2;0.0;0.0;54;150;66;83;324.0;300;0.0;0.0;1872.0;368322.0;0.0;0.0;0.0;0.0;0.0;0.0;0.0;0.0;0.0;0.0;0.0;0.0;0.0;210406.0;270;0.0;0.0;68480.0;2219.5;723107.5
134.0;139.0;347.5;76247.0;5.0;2;0.0;1.0;54;150;66;83;270.0;300;0.0;83.0;1959.0;370281.0;2.0;4.0;8.0;2.0;59.0;82.0;101.0;164.0;118.0;328.0;808.0;328.0;1582.0;211988.0;270;0.0;0.0;68480.0;3888.5;726996.0
134.5;139.0;347.5;76594.5;6.0;2;0.0;0.0;54;150;66;83;324.0;300;0.0;0.0;1872.0;372153.0;0.0;0.0;0.0;0.0;0.0;0.0;0.0;0.0;0.0;0.0;0.0;0.0;0.0;211988.0;270;0.0;0.0;68480.0;2219.5;729215.5
135.0;139.0;347.5;76942.0;5.0;2;2.0;1.0;55;156;66;83;275.0;312;132.0;83.0;2406.0;374559.0;2.0;4.0;8.0;2.0;59.0;82.0;101.0;164.0;118.0;328.0;808.0;328.0;1582.0;213570.0;279;2.0;2790.0;71270.0;7125.5;736341.0
135.5;139.0;347.5;77289.5;6.0;2;0.0;0.0;55;156;66;83;330.0;312;0.0;0.0;1926.0;376485.0;0.0;0.0;0.0;0.0;0.0;0.0;0.0;0.0;0.0;0.0;0.0;0.0;0.0;213570.0;279;0.0;0.0;71270.0;2273.5;738614.5
136.0;139.0;347.5;77637.0;5.0;2;0.0;1.0;55;156;66;83;275.0;312;0.0;83.0;2010.0;378495.0;2.0;4.0;8.0;2.0;59.0;82.0;101.0;164.0;118.0;328.0;808.0;328.0;1582.0;215152.0;279;0.0;0.0;71270.0;3939.5;742554.0
136.5;139.0;347.5;77984.5;6.0;2;0.0;0.0;55;156;66;83;330.0;312;0.0;0.0;1926.0;380421.0;0.0;0.0;0.0;0.0;0.0;0.0;0.0;0.0;0.0;0.0;0.0;0.0;0.0;215152.0;279;0.0;0.0;71270.0;2273.5;744827.5
137.0;139.0;347.5;78332.0;5.0;2;0.0;1.0;55;156;66;83;275.0;312;0.0;83.0;2010.0;382431.0;2.0;4.0;8.0;2.0;59.0;82.0;101.0;164.0;118.0;328.0;808.0;328.0;1582.0;216734.0;279;0.0;0.0;71270.0;3939.5;748767.0
137.5;139.0;347.5;78679.5;6.0;2;0.0;0.0;55;156;66;83;330.0;312;0.0;0.0;1926.0;384357.0;0.0;0.0;0.0;0.0;0.0;0.0;0.0;0.0;0.0;0.0;0.0;0.0;0.0;216734.0;279;0.0;0.0;71270.0;2273.5;751040.5
138.0;139.0;347.5;79027.0;5.0;2;0.0;1.0;55;156;66;83;275.0;312;0.0;83.0;2010.0;386367.0;2.0;4.0;8.0;2.0;59.0;82.0;101.0;164.0;118.0;328.0;808.0;328.0;1582.0;218316.0;279;2.0;2790.0;74060.0;6729.5;757770.0
138.5;139.0;347.5;79374.5;6.0;2;0.0;0.0;55;156;66;83;330.0;312;0.0;0.0;1926.0;388293.0;0.0;0.0;0.0;0.0;0.0;0.0;0.0;0.0;0.0;0.0;0.0;0.0;0.0;218316.0;279;0.0;0.0;74060.0;2273.5;760043.5
139.0;139.0;347.5;79722.0;5.0;2;0.0;1.0;55;156;66;83;275.0;312;0.0;83.0;2010.0;390303.0;2.0;4.0;8.0;2.0;59.0;82.0;101.0;164.0;118.0;328.0;808.0;328.0;1582.0;219898.0;279;0.0;0.0;74060.0;3939.5;763983.0
139.5;139.0;347.5;80069.5;6.0;2;0.0;0.0;55;156;66;83;330.0;312;0.0;0.0;1926.0;392229.0;0.0;0.0;0.0;0.0;0.0;0.0;0.0;0.0;0.0;0.0;0.0;0.0;0.0;219898.0;279;0.0;0.0;74060.0;2273.5;766256.5
140.0;150.5;376.25;80445.75;5.0;2;2.0;1.0;55;156;66;83;275.0;312;132.0;83.0;2406.0;394635.0;2.0;4.0;8.0;2.0;59.0;82.0;101.0;164.0;118.0;328.0;808.0;328.0;1582.0;221480.0;288;0.0;0.0;74060.0;4364.25;770620.75
140.5;150.5;376.25;80822.0;6.0;2;0.0;0.0;55;156;66;83;330.0;312;0.0;0.0;1926.0;396561.0;0.0;0.0;0.0;0.0;0.0;0.0;0.0;0.0;0.0;0.0;0.0;0.0;0.0;221480.0;288;0.0;0.0;74060.0;2302.25;772923.0
141.0;150.5;376.25;81198.25;5.0;2;0.0;1.0;55;156;66;83;275.0;312;0.0;83.0;2010.0;398571.0;2.0;4.0;8.0;2.0;59.0;82.0;101.0;164.0;118.0;328.0;808.0;328.0;1582.0;223062.0;288;2.0;2880.0;76940.0;6848.25;779771.25
141.5;150.5;376.25;81574.5;6.0;2;0.0;0.0;55;156;66;83;330.0;312;0.0;0.0;1926.0;400497.0;0.0;0.0;0.0;0.0;0.0;0.0;0.0;0.0;0.0;0.0;0.0;0.0;0.0;223062.0;288;0.0;0.0;76940.0;2302.25;782073.5
142.0;150.5;376.25;81950.75;5.0;2;0.0;1.0;55;156;66;83;275.0;312;0.0;83.0;2010.0;402507.0;2.0;4.0;8.0;2.0;59.0;82.0;101.0;164.0;118.0;328.0;808.0;328.0;1582.0;224644.0;288;0.0;0.0;76940.0;3968.25;786041.75
142.5;150.5;376.25;82327.0;6.0;2;0.0;0.0;56;162;66;83;336.0;324;0.0;0.0;1980.0;404487.0;0.0;0.0;0.0;0.0;0.0;0.0;0.0;0.0;0.0;0.0;0.0;0.0;0.0;224644.0;288;0.0;0.0;76940.0;2356.25;788398.0
143.0;150.5;376.25;82703.25;5.0;2;0.0;1.0;56;162;66;83;280.0;324;0.0;83.0;2061.0;406548.0;2.0;4.0;8.0;2.0;59.0;82.0;101.0;164.0;118.0;328.0;808.0;328.0;1582.0;226226.0;288;0.0;0.0;76940.0;4019.25;792417.25
143.5;150.5;376.25;83079.5;6.0;2;0.0;0.0;56;162;66;83;336.0;324;0.0;0.0;1980.0;408528.0;0.0;0.0;0.0;0.0;0.0;0.0;0.0;0.0;0.0;0.0;0.0;0.0;0.0;226226.0;288;0.0;0.0;76940.0;2356.25;794773.5
144.0;150.5;376.25;83455.75;5.0;2;0.0;1.0;56;162;66;83;280.0;324;0.0;83.0;2061.0;410589.0;2.0;4.0;8.0;2.0;59.0;82.0;101.0;164.0;118.0;328.0;808.0;328.0;1582.0;227808.0;288;2.0;2880.0;79820.0;6899.25;801672.75
144.5;150.5;376.25;83832.0;6.0;2;0.0;0.0;56;162;66;83;336.0;324;0.0;0.0;1980.0;412569.0;0.0;0.0;0.0;0.0;0.0;0.0;0.0;0.0;0.0;0.0;0.0;0.0;0.0;227808.0;288;0.0;0.0;79820.0;2356.25;804029.0
145.0;150.5;376.25;84208.25;5.0;2;2.0;1.0;56;162;66;83;280.0;324;132.0;83.0;2457.0;415026.0;2.0;4.0;8.0;2.0;59.0;82.0;101.0;164.0;118.0;328.0;808.0;328.0;1582.0;229390.0;297;0.0;0.0;79820.0;4415.25;808444.25
145.5;150.5;376.25;84584.5;6.0;2;0.0;0.0;56;162;66;83;336.0;324;0.0;0.0;1980.0;417006.0;0.0;0.0;0.0;0.0;0.0;0.0;0.0;0.0;0.0;0.0;0.0;0.0;0.0;229390.0;297;0.0;0.0;79820.0;2356.25;810800.5
146.0;150.5;376.25;84960.75;5.0;2;0.0;1.0;56;162;66;83;280.0;324;0.0;83.0;2061.0;419067.0;2.0;4.0;8.0;2.0;59.0;82.0;101.0;164.0;118.0;328.0;808.0;328.0;1582.0;230972.0;297;0.0;0.0;79820.0;4019.25;814819.75
146.5;150.5;376.25;85337.0;6.0;2;0.0;0.0;56;162;66;83;336.0;324;0.0;0.0;1980.0;421047.0;0.0;0.0;0.0;0.0;0.0;0.0;0.0;0.0;0.0;0.0;0.0;0.0;0.0;230972.0;297;0.0;0.0;79820.0;2356.25;817176.0
147.0;150.5;376.25;85713.25;5.0;2;0.0;1.0;56;162;66;83;280.0;324;0.0;83.0;2061.0;423108.0;2.0;4.0;8.0;2.0;59.0;82.0;101.0;164.0;118.0;328.0;808.0;328.0;1582.0;232554.0;297;2.0;2970.0;82790.0;6989.25;824165.25
147.5;150.5;376.25;86089.5;6.0;2;0.0;0.0;56;162;66;83;336.0;324;0.0;0.0;1980.0;425088.0;0.0;0.0;0.0;0.0;0.0;0.0;0.0;0.0;0.0;0.0;0.0;0.0;0.0;232554.0;297;0.0;0.0;82790.0;2356.25;826521.5
148.0;150.5;376.25;86465.75;5.0;2;0.0;1.0;56;162;66;83;280.0;324;0.0;83.0;2061.0;427149.0;2.0;4.0;8.0;2.0;59.0;82.0;101.0;164.0;118.0;328.0;808.0;328.0;1582.0;234136.0;297;0.0;0.0;82790.0;4019.25;830540.75
148.5;150.5;376.25;86842.0;6.0;2;0.0;0.0;56;162;66;83;336.0;324;0.0;0.0;1980.0;429129.0;0.0;0.0;0.0;0.0;0.0;0.0;0.0;0.0;0.0;0.0;0.0;0.0;0.0;234136.0;297;0.0;0.0;82790.0;2356.25;832897.0
149.0;150.5;376.25;87218.25;5.0;2;0.0;1.0;56;162;66;83;280.0;324;0.0;83.0;2061.0;431190.0;2.0;4.0;8.0;2.0;59.0;82.0;101.0;164.0;118.0;328.0;808.0;328.0;1582.0;235718.0;297;0.0;0.0;82790.0;4019.25;836916.25
149.5;150.5;376.25;87594.5;6.0;2;0.0;0.0;56;162;66;83;336.0;324;0.0;0.0;1980.0;433170.0;0.0;0.0;0.0;0.0;0.0;0.0;0.0;0.0;0.0;0.0;0.0;0.0;0.0;235718.0;297;0.0;0.0;82790.0;2356.25;839272.5
150.0;150.5;376.25;87970.75;5.0;2;2.0;1.0;57;168;66;83;285.0;336;132.0;83.0;2508.0;435678.0;2.0;4.0;8.0;2.0;59.0;82.0;101.0;164.0;118.0;328.0;808.0;328.0;1582.0;237300.0;306;2.0;3060.0;85850.0;7526.25;846798.75
150.5;150.5;376.25;88347.0;6.0;2;0.0;0.0;57;168;66;83;342.0;336;0.0;0.0;2034.0;437712.0;0.0;0.0;0.0;0.0;0.0;0.0;0.0;0.0;0.0;0.0;0.0;0.0;0.0;237300.0;306;0.0;0.0;85850.0;2410.25;849209.0
151.0;150.5;376.25;88723.25;5.0;2;0.0;1.0;57;168;66;83;285.0;336;0.0;83.0;2112.0;439824.0;2.0;4.0;8.0;2.0;59.0;82.0;101.0;164.0;118.0;328.0;808.0;328.0;1582.0;238882.0;306;0.0;0.0;85850.0;4070.25;853279.25
151.5;150.5;376.25;89099.5;6.0;2;0.0;0.0;57;168;66;83;342.0;336;0.0;0.0;2034.0;441858.0;0.0;0.0;0.0;0.0;0.0;0.0;0.0;0.0;0.0;0.0;0.0;0.0;0.0;238882.0;306;0.0;0.0;85850.0;2410.25;855689.5
152.0;150.5;376.25;89475.75;5.0;2;0.0;1.0;57;168;66;83;285.0;336;0.0;83.0;2112.0;443970.0;2.0;4.0;8.0;2.0;59.0;82.0;101.0;164.0;118.0;328.0;808.0;328.0;1582.0;240464.0;306;0.0;0.0;85850.0;4070.25;859759.75
152.5;150.5;376.25;89852.0;6.0;2;0.0;0.0;57;168;66;83;342.0;336;0.0;0.0;2034.0;446004.0;0.0;0.0;0.0;0.0;0.0;0.0;0.0;0.0;0.0;0.0;0.0;0.0;0.0;240464.0;306;0.0;0.0;85850.0;2410.25;862170.0
153.0;150.5;376.25;90228.25;5.0;2;0.0;1.0;57;168;66;83;285.0;336;0.0;83.0;2112.0;448116.0;2.0;4.0;8.0;2.0;59.0;82.0;101.0;164.0;118.0;328.0;808.0;328.0;1582.0;242046.0;306;2.0;3060.0;88910.0;7130.25;869300.25
153.5;150.5;376.25;90604.5;6.0;2;0.0;0.0;57;168;66;83;342.0;336;0.0;0.0;2034.0;450150.0;0.0;0.0;0.0;0.0;0.0;0.0;0.0;0.0;0.0;0.0;0.0;0.0;0.0;242046.0;306;0.0;0.0;88910.0;2410.25;871710.5
154.0;150.5;376.25;90980.75;5.0;2;0.0;1.0;57;168;66;83;285.0;336;0.0;83.0;2112.0;452262.0;2.0;4.0;8.0;2.0;59.0;82.0;101.0;164.0;118.0;328.0;808.0;328.0;1582.0;243628.0;306;0.0;0.0;88910.0;4070.25;875780.75
154.5;150.5;376.25;91357.0;6.0;2;0.0;0.0;57;168;66;83;342.0;336;0.0;0.0;2034.0;454296.0;0.0;0.0;0.0;0.0;0.0;0.0;0.0;0.0;0.0;0.0;0.0;0.0;0.0;243628.0;306;0.0;0.0;88910.0;2410.25;878191.0
155.0;150.5;376.25;91733.25;5.0;2;2.0;1.0;57;168;66;83;285.0;336;132.0;83.0;2508.0;456804.0;2.0;4.0;8.0;2.0;59.0;82.0;101.0;164.0;118.0;328.0;808.0;328.0;1582.0;245210.0;315;0.0;0.0;88910.0;4466.25;882657.25
155.5;150.5;376.25;92109.5;6.0;2;0.0;0.0;57;168;66;83;342.0;336;0.0;0.0;2034.0;458838.0;0.0;0.0;0.0;0.0;0.0;0.0;0.0;0.0;0.0;0.0;0.0;0.0;0.0;245210.0;315;0.0;0.0;88910.0;2410.25;885067.5
156.0;150.5;376.25;92485.75;5.0;2;0.0;1.0;57;168;66;83;285.0;336;0.0;83.0;2112.0;460950.0;2.0;4.0;8.0;2.0;59.0;82.0;101.0;164.0;118.0;328.0;808.0;328.0;1582.0;246792.0;315;2.0;3150.0;92060.0;7220.25;892287.75
156.5;150.5;376.25;92862.0;6.0;2;0.0;0.0;57;168;66;83;342.0;336;0.0;0.0;2034.0;462984.0;0.0;0.0;0.0;0.0;0.0;0.0;0.0;0.0;0.0;0.0;0.0;0.0;0.0;246792.0;315;0.0;0.0;92060.0;2410.25;894698.0
157.0;150.5;376.25;93238.25;5.0;2;0.0;1.0;57;168;66;83;285.0;336;0.0;83.0;2112.0;465096.0;2.0;4.0;8.0;2.0;59.0;82.0;101.0;164.0;118.0;328.0;808.0;328.0;1582.0;248374.0;315;0.0;0.0;92060.0;4070.25;898768.25
157.5;150.5;376.25;93614.5;6.0;2;0.0;0.0;58;174;66;83;348.0;348;0.0;0.0;2088.0;467184.0;0.0;0.0;0.0;0.0;0.0;0.0;0.0;0.0;0.0;0.0;0.0;0.0;0.0;248374.0;315;0.0;0.0;92060.0;2464.25;901232.5
158.0;150.5;376.25;93990.75;5.0;2;0.0;1.0;58;174;66;83;290.0;348;0.0;83.0;2163.0;469347.0;2.0;4.0;8.0;2.0;59.0;82.0;101.0;164.0;118.0;328.0;808.0;328.0;1582.0;249956.0;315;0.0;0.0;92060.0;4121.25;905353.75
158.5;150.5;376.25;94367.0;6.0;2;0.0;0.0;58;174;66;83;348.0;348;0.0;0.0;2088.0;471435.0;0.0;0.0;0.0;0.0;0.0;0.0;0.0;0.0;0.0;0.0;0.0;0.0;0.0;249956.0;315;0.0;0.0;92060.0;2464.25;907818.0
159.0;150.5;376.25;94743.25;5.0;2;0.0;1.0;58;174;66;83;290.0;348;0.0;83.0;2163.0;473598.0;2.0;4.0;8.0;2.0;59.0;82.0;101.0;164.0;118.0;328.0;808.0;328.0;1582.0;251538.0;315;2.0;3150.0;95210.0;7271.25;915089.25
159.5;150.5;376.25;95119.5;6.0;2;0.0;0.0;58;174;66;83;348.0;348;0.0;0.0;2088.0;475686.0;0.0;0.0;0.0;0.0;0.0;0.0;0.0;0.0;0.0;0.0;0.0;0.0;0.0;251538.0;315;0.0;0.0;95210.0;2464.25;917553.5
160.0;150.5;376.25;95495.75;5.0;2;2.0;1.0;58;174;66;83;290.0;348;132.0;83.0;2559.0;478245.0;2.0;4.0;8.0;2.0;59.0;82.0;101.0;164.0;118.0;328.0;808.0;328.0;1582.0;253120.0;324;0.0;0.0;95210.0;4517.25;922070.75
160.5;150.5;376.25;95872.0;6.0;2;0.0;0.0;58;174;66;83;348.0;348;0.0;0.0;2088.0;480333.0;0.0;0.0;0.0;0.0;0.0;0.0;0.0;0.0;0.0;0.0;0.0;0.0;0.0;253120.0;324;0.0;0.0;95210.0;2464.25;924535.0
161.0;150.5;376.25;96248.25;5.0;2;0.0;1.0;58;174;66;83;290.0;348;0.0;83.0;2163.0;482496.0;2.0;4.0;8.0;2.0;59.0;82.0;101.0;164.0;118.0;328.0;808.0;328.0;1582.0;254702.0;324;0.0;0.0;95210.0;4121.25;928656.25
161.5;150.5;376.25;96624.5;6.0;2;0.0;0.0;58;174;66;83;348.0;348;0.0;0.0;2088.0;484584.0;0.0;0.0;0.0;0.0;0.0;0.0;0.0;0.0;0.0;0.0;0.0;0.0;0.0;254702.0;324;0.0;0.0;95210.0;2464.25;931120.5
162.0;150.5;376.25;97000.75;5.0;2;0.0;1.0;58;174;66;83;290.0;348;0.0;83.0;2163.0;486747.0;2.0;4.0;8.0;2.0;59.0;82.0;101.0;164.0;118.0;328.0;808.0;328.0;1582.0;256284.0;324;2.0;3240.0;98450.0;7361.25;938481.75
162.5;150.5;376.25;97377.0;6.0;2;0.0;0.0;58;174;66;83;348.0;348;0.0;0.0;2088.0;488835.0;0.0;0.0;0.0;0.0;0.0;0.0;0.0;0.0;0.0;0.0;0.0;0.0;0.0;256284.0;324;0.0;0.0;98450.0;2464.25;940946.0
163.0;150.5;376.25;97753.25;5.0;2;0.0;1.0;58;174;66;83;290.0;348;0.0;83.0;2163.0;490998.0;2.0;4.0;8.0;2.0;59.0;82.0;101.0;164.0;118.0;328.0;808.0;328.0;1582.0;257866.0;324;0.0;0.0;98450.0;4121.25;945067.25
163.5;150.5;376.25;98129.5;6.0;2;0.0;0.0;58;174;66;83;348.0;348;0.0;0.0;2088.0;493086.0;0.0;0.0;0.0;0.0;0.0;0.0;0.0;0.0;0.0;0.0;0.0;0.0;0.0;257866.0;324;0.0;0.0;98450.0;2464.25;947531.5
164.0;150.5;376.25;98505.75;5.0;2;0.0;1.0;58;174;66;83;290.0;348;0.0;83.0;2163.0;495249.0;2.0;4.0;8.0;2.0;59.0;82.0;101.0;164.0;118.0;328.0;808.0;328.0;1582.0;259448.0;324;0.0;0.0;98450.0;4121.25;951652.75
164.5;150.5;376.25;98882.0;6.0;2;0.0;0.0;58;174;66;83;348.0;348;0.0;0.0;2088.0;497337.0;0.0;0.0;0.0;0.0;0.0;0.0;0.0;0.0;0.0;0.0;0.0;0.0;0.0;259448.0;324;0.0;0.0;98450.0;2464.25;954117.0
165.0;150.5;376.25;99258.25;5.0;2;2.0;1.0;59;180;66;83;295.0;360;132.0;83.0;2610.0;499947.0;2.0;4.0;8.0;2.0;59.0;82.0;101.0;164.0;118.0;328.0;808.0;328.0;1582.0;261030.0;333;2.0;3330.0;101780.0;7898.25;962015.25
165.5;150.5;376.25;99634.5;6.0;2;0.0;0.0;59;180;66;83;354.0;360;0.0;0.0;2142.0;502089.0;0.0;0.0;0.0;0.0;0.0;0.0;0.0;0.0;0.0;0.0;0.0;0.0;0.0;261030.0;333;0.0;0.0;101780.0;2518.25;964533.5
166.0;150.5;376.25;100010.75;5.0;2;0.0;1.0;59;180;66;83;295.0;360;0.0;83.0;2214.0;504303.0;2.0;4.0;8.0;2.0;59.0;82.0;101.0;164.0;118.0;328.0;808.0;328.0;1582.0;262612.0;333;0.0;0.0;101780.0;4172.25;968705.75
166.5;150.5;376.25;100387.0;6.0;2;0.0;0.0;59;180;66;83;354.0;360;0.0;0.0;2142.0;506445.0;0.0;0.0;0.0;0.0;0.0;0.0;0.0;0.0;0.0;0.0;0.0;0.0;0.0;262612.0;333;0.0;0.0;101780.0;2518.25;971224.0
167.0;150.5;376.25;100763.25;5.0;2;0.0;1.0;59;180;66;83;295.0;360;0.0;83.0;2214.0;508659.0;2.0;4.0;8.0;2.0;59.0;82.0;101.0;164.0;118.0;328.0;808.0;328.0;1582.0;264194.0;333;0.0;0.0;101780.0;4172.25;975396.25
167.5;150.5;376.25;101139.5;6.0;2;0.0;0.0;59;180;66;83;354.0;360;0.0;0.0;2142.0;510801.0;0.0;0.0;0.0;0.0;0.0;0.0;0.0;0.0;0.0;0.0;0.0;0.0;0.0;264194.0;333;0.0;0.0;101780.0;2518.25;977914.5
168.0;150.5;376.25;101515.75;5.0;2;0.0;1.0;59;180;66;83;295.0;360;0.0;83.0;2214.0;513015.0;2.0;4.0;8.0;2.0;59.0;82.0;101.0;164.0;118.0;328.0;808.0;328.0;1582.0;265776.0;333;2.0;3330.0;105110.0;7502.25;985416.75
168.5;150.5;376.25;101892.0;6.0;2;0.0;0.0;59;180;66;83;354.0;360;0.0;0.0;2142.0;515157.0;0.0;0.0;0.0;0.0;0.0;0.0;0.0;0.0;0.0;0.0;0.0;0.0;0.0;265776.0;333;0.0;0.0;105110.0;2518.25;987935.0
169.0;150.5;376.25;102268.25;5.0;2;0.0;1.0;59;180;66;83;295.0;360;0.0;83.0;2214.0;517371.0;2.0;4.0;8.0;2.0;59.0;82.0;101.0;164.0;118.0;328.0;808.0;328.0;1582.0;267358.0;333;0.0;0.0;105110.0;4172.25;992107.25
169.5;150.5;376.25;102644.5;6.0;2;0.0;0.0;59;180;66;83;354.0;360;0.0;0.0;2142.0;519513.0;0.0;0.0;0.0;0.0;0.0;0.0;0.0;0.0;0.0;0.0;0.0;0.0;0.0;267358.0;333;0.0;0.0;105110.0;2518.25;994625.5
170.0;150.5;376.25;103020.75;5.0;2;2.0;1.0;59;180;66;83;295.0;360;132.0;83.0;2610.0;522123.0;2.0;4.0;8.0;2.0;59.0;82.0;101.0;164.0;118.0;328.0;808.0;328.0;1582.0;268940.0;342;0.0;0.0;105110.0;4568.25;999193.75
170.5;150.5;376.25;103397.0;6.0;2;0.0;0.0;59;180;66;83;354.0;360;0.0;0.0;2142.0;524265.0;0.0;0.0;0.0;0.0;0.0;0.0;0.0;0.0;0.0;0.0;0.0;0.0;0.0;268940.0;342;0.0;0.0;105110.0;2518.25;1001712.0
171.0;150.5;376.25;103773.25;5.0;2;0.0;1.0;59;180;66;83;295.0;360;0.0;83.0;2214.0;526479.0;2.0;4.0;8.0;2.0;59.0;82.0;101.0;164.0;118.0;328.0;808.0;328.0;1582.0;270522.0;342;2.0;3420.0;108530.0;7592.25;1009304.25
171.5;150.5;376.25;104149.5;6.0;2;0.0;0.0;59;180;66;83;354.0;360;0.0;0.0;2142.0;528621.0;0.0;0.0;0.0;0.0;0.0;0.0;0.0;0.0;0.0;0.0;0.0;0.0;0.0;270522.0;342;0.0;0.0;108530.0;2518.25;1011822.5
172.0;150.5;376.25;104525.75;5.0;2;0.0;1.0;59;180;66;83;295.0;360;0.0;83.0;2214.0;530835.0;2.0;4.0;8.0;2.0;59.0;82.0;101.0;164.0;118.0;328.0;808.0;328.0;1582.0;272104.0;342;0.0;0.0;108530.0;4172.25;1015994.75
172.5;150.5;376.25;104902.0;6.0;2;0.0;0.0;60;186;66;83;360.0;372;0.0;0.0;2196.0;533031.0;0.0;0.0;0.0;0.0;0.0;0.0;0.0;0.0;0.0;0.0;0.0;0.0;0.0;272104.0;342;0.0;0.0;108530.0;2572.25;1018567.0
173.0;150.5;376.25;105278.25;5.0;2;0.0;1.0;60;186;66;83;300.0;372;0.0;83.0;2265.0;535296.0;2.0;4.0;8.0;2.0;59.0;82.0;101.0;164.0;118.0;328.0;808.0;328.0;1582.0;273686.0;342;0.0;0.0;108530.0;4223.25;1022790.25
173.5;150.5;376.25;105654.5;6.0;2;0.0;0.0;60;186;66;83;360.0;372;0.0;0.0;2196.0;537492.0;0.0;0.0;0.0;0.0;0.0;0.0;0.0;0.0;0.0;0.0;0.0;0.0;0.0;273686.0;342;0.0;0.0;108530.0;2572.25;1025362.5
174.0;150.5;376.25;106030.75;5.0;2;0.0;1.0;60;186;66;83;300.0;372;0.0;83.0;2265.0;539757.0;2.0;4.0;8.0;2.0;59.0;82.0;101.0;164.0;118.0;328.0;808.0;328.0;1582.0;275268.0;342;2.0;3420.0;111950.0;7643.25;1033005.75
174.5;150.5;376.25;106407.0;6.0;2;0.0;0.0;60;186;66;83;360.0;372;0.0;0.0;2196.0;541953.0;0.0;0.0;0.0;0.0;0.0;0.0;0.0;0.0;0.0;0.0;0.0;0.0;0.0;275268.0;342;0.0;0.0;111950.0;2572.25;1035578.0
175.0;150.5;376.25;106783.25;5.0;2;2.0;1.0;60;186;66;83;300.0;372;132.0;83.0;2661.0;544614.0;2.0;4.0;8.0;2.0;59.0;82.0;101.0;164.0;118.0;328.0;808.0;328.0;1582.0;276850.0;351;0.0;0.0;111950.0;4619.25;1040197.25
175.5;150.5;376.25;107159.5;6.0;2;0.0;0.0;60;186;66;83;360.0;372;0.0;0.0;2196.0;546810.0;0.0;0.0;0.0;0.0;0.0;0.0;0.0;0.0;0.0;0.0;0.0;0.0;0.0;276850.0;351;0.0;0.0;111950.0;2572.25;1042769.5
176.0;150.5;376.25;107535.75;5.0;2;0.0;1.0;60;186;66;83;300.0;372;0.0;83.0;2265.0;549075.0;2.0;4.0;8.0;2.0;59.0;82.0;101.0;164.0;118.0;328.0;808.0;328.0;1582.0;278432.0;351;0.0;0.0;111950.0;4223.25;1046992.75
176.5;150.5;376.25;107912.0;6.0;2;0.0;0.0;60;186;66;83;360.0;372;0.0;0.0;2196.0;551271.0;0.0;0.0;0.0;0.0;0.0;0.0;0.0;0.0;0.0;0.0;0.0;0.0;0.0;278432.0;351;0.0;0.0;111950.0;2572.25;1049565.0
177.0;150.5;376.25;108288.25;5.0;2;0.0;1.0;60;186;66;83;300.0;372;0.0;83.0;2265.0;553536.0;2.0;4.0;8.0;2.0;59.0;82.0;101.0;164.0;118.0;328.0;808.0;328.0;1582.0;280014.0;351;2.0;3510.0;115460.0;7733.25;1057298.25
177.5;150.5;376.25;108664.5;6.0;2;0.0;0.0;60;186;66;83;360.0;372;0.0;0.0;2196.0;555732.0;0.0;0.0;0.0;0.0;0.0;0.0;0.0;0.0;0.0;0.0;0.0;0.0;0.0;280014.0;351;0.0;0.0;115460.0;2572.25;1059870.5
178.0;150.5;376.25;109040.75;5.0;2;0.0;1.0;60;186;66;83;300.0;372;0.0;83.0;2265.0;557997.0;2.0;4.0;8.0;2.0;59.0;82.0;101.0;164.0;118.0;328.0;808.0;328.0;1582.0;281596.0;351;0.0;0.0;115460.0;4223.25;1064093.75
178.5;150.5;376.25;109417.0;6.0;2;0.0;0.0;60;186;66;83;360.0;372;0.0;0.0;2196.0;560193.0;0.0;0.0;0.0;0.0;0.0;0.0;0.0;0.0;0.0;0.0;0.0;0.0;0.0;281596.0;351;0.0;0.0;115460.0;2572.25;1066666.0
179.0;150.5;376.25;109793.25;5.0;2;0.0;1.0;60;186;66;83;300.0;372;0.0;83.0;2265.0;562458.0;2.0;4.0;8.0;2.0;59.0;82.0;101.0;164.0;118.0;328.0;808.0;328.0;1582.0;283178.0;351;0.0;0.0;115460.0;4223.25;1070889.25
179.5;150.5;376.25;110169.5;6.0;2;0.0;0.0;60;186;66;83;360.0;372;0.0;0.0;2196.0;564654.0;0.0;0.0;0.0;0.0;0.0;0.0;0.0;0.0;0.0;0.0;0.0;0.0;0.0;283178.0;351;0.0;0.0;115460.0;2572.25;1073461.5
180.0;150.5;376.25;110545.75;5.0;2;2.0;1.0;61;192;66;83;305.0;384;132.0;83.0;2712.0;567366.0;2.0;4.0;8.0;2.0;59.0;82.0;101.0;164.0;118.0;328.0;808.0;328.0;1582.0;284760.0;360;2.0;3600.0;119060.0;8270.25;1081731.75
180.5;150.5;376.25;110922.0;6.0;2;0.0;0.0;61;192;66;83;366.0;384;0.0;0.0;2250.0;569616.0;0.0;0.0;0.0;0.0;0.0;0.0;0.0;0.0;0.0;0.0;0.0;0.0;0.0;284760.0;360;0.0;0.0;119060.0;2626.25;1084358.0
181.0;150.5;376.25;111298.25;5.0;2;0.0;1.0;61;192;66;83;305.0;384;0.0;83.0;2316.0;571932.0;2.0;4.0;8.0;2.0;59.0;82.0;101.0;164.0;118.0;328.0;808.0;328.0;1582.0;286342.0;360;0.0;0.0;119060.0;4274.25;1088632.25
181.5;150.5;376.25;111674.5;6.0;2;0.0;0.0;61;192;66;83;366.0;384;0.0;0.0;2250.0;574182.0;0.0;0.0;0.0;0.0;0.0;0.0;0.0;0.0;0.0;0.0;0.0;0.0;0.0;286342.0;360;0.0;0.0;119060.0;2626.25;1091258.5
182.0;150.5;376.25;112050.75;5.0;2;0.0;1.0;61;192;66;83;305.0;384;0.0;83.0;2316.0;576498.0;2.0;4.0;8.0;2.0;59.0;82.0;101.0;164.0;118.0;328.0;808.0;328.0;1582.0;287924.0;360;0.0;0.0;119060.0;4274.25;1095532.75
182.5;150.5;376.25;112427.0;6.0;2;0.0;0.0;61;192;66;83;366.0;384;0.0;0.0;2250.0;578748.0;0.0;0.0;0.0;0.0;0.0;0.0;0.0;0.0;0.0;0.0;0.0;0.0;0.0;287924.0;360;0.0;0.0;119060.0;2626.25;1098159.0
183.0;150.5;376.25;112803.25;5.0;2;0.0;1.0;61;192;66;83;305.0;384;0.0;83.0;2316.0;581064.0;2.0;4.0;8.0;2.0;59.0;82.0;101.0;164.0;118.0;328.0;808.0;328.0;1582.0;289506.0;360;2.0;3600.0;122660.0;7874.25;1106033.25
183.5;150.5;376.25;113179.5;6.0;2;0.0;0.0;61;192;66;83;366.0;384;0.0;0.0;2250.0;583314.0;0.0;0.0;0.0;0.0;0.0;0.0;0.0;0.0;0.0;0.0;0.0;0.0;0.0;289506.0;360;0.0;0.0;122660.0;2626.25;1108659.5
184.0;150.5;376.25;113555.75;5.0;2;0.0;1.0;61;192;66;83;305.0;384;0.0;83.0;2316.0;585630.0;2.0;4.0;8.0;2.0;59.0;82.0;101.0;164.0;118.0;328.0;808.0;328.0;1582.0;291088.0;360;0.0;0.0;122660.0;4274.25;1112933.75
184.5;150.5;376.25;113932.0;6.0;2;0.0;0.0;61;192;66;83;366.0;384;0.0;0.0;2250.0;587880.0;0.0;0.0;0.0;0.0;0.0;0.0;0.0;0.0;0.0;0.0;0.0;0.0;0.0;291088.0;360;0.0;0.0;122660.0;2626.25;1115560.0
185.0;150.5;376.25;114308.25;5.0;2;2.0;1.0;61;192;66;83;305.0;384;132.0;83.0;2712.0;590592.0;2.0;4.0;8.0;2.0;59.0;82.0;101.0;164.0;118.0;328.0;808.0;328.0;1582.0;292670.0;369;0.0;0.0;122660.0;4670.25;1120230.25
185.5;150.5;376.25;114684.5;6.0;2;0.0;0.0;61;192;66;83;366.0;384;0.0;0.0;2250.0;592842.0;0.0;0.0;0.0;0.0;0.0;0.0;0.0;0.0;0.0;0.0;0.0;0.0;0.0;292670.0;369;0.0;0.0;122660.0;2626.25;1122856.5
186.0;150.5;376.25;115060.75;5.0;2;0.0;1.0;61;192;66;83;305.0;384;0.0;83.0;2316.0;595158.0;2.0;4.0;8.0;2.0;59.0;82.0;101.0;164.0;118.0;328.0;808.0;328.0;1582.0;294252.0;369;2.0;3690.0;126350.0;7964.25;1130820.75
186.5;150.5;376.25;115437.0;6.0;2;0.0;0.0;61;192;66;83;366.0;384;0.0;0.0;2250.0;597408.0;0.0;0.0;0.0;0.0;0.0;0.0;0.0;0.0;0.0;0.0;0.0;0.0;0.0;294252.0;369;0.0;0.0;126350.0;2626.25;1133447.0
187.0;150.5;376.25;115813.25;5.0;2;0.0;1.0;61;192;66;83;305.0;384;0.0;83.0;2316.0;599724.0;2.0;4.0;8.0;2.0;59.0;82.0;101.0;164.0;118.0;328.0;808.0;328.0;1582.0;295834.0;369;0.0;0.0;126350.0;4274.25;1137721.25
187.5;150.5;376.25;116189.5;6.0;2;0.0;0.0;62;198;66;83;372.0;396;0.0;0.0;2304.0;602028.0;0.0;0.0;0.0;0.0;0.0;0.0;0.0;0.0;0.0;0.0;0.0;0.0;0.0;295834.0;369;0.0;0.0;126350.0;2680.25;1140401.5
188.0;150.5;376.25;116565.75;5.0;2;0.0;1.0;62;198;66;83;310.0;396;0.0;83.0;2367.0;604395.0;2.0;4.0;8.0;2.0;59.0;82.0;101.0;164.0;118.0;328.0;808.0;328.0;1582.0;297416.0;369;0.0;0.0;126350.0;4325.25;1144726.75
188.5;150.5;376.25;116942.0;6.0;2;0.0;0.0;62;198;66;83;372.0;396;0.0;0.0;2304.0;606699.0;0.0;0.0;0.0;0.0;0.0;0.0;0.0;0.0;0.0;0.0;0.0;0.0;0.0;297416.0;369;0.0;0.0;126350.0;2680.25;1147407.0
189.0;150.5;376.25;117318.25;5.0;2;0.0;1.0;62;198;66;83;310.0;396;0.0;83.0;2367.0;609066.0;2.0;4.0;8.0;2.0;59.0;82.0;101.0;164.0;118.0;328.0;808.0;328.0;1582.0;298998.0;369;2.0;3690.0;130040.0;8015.25;1155422.25
189.5;150.5;376.25;117694.5;6.0;2;0.0;0.0;62;198;66;83;372.0;396;0.0;0.0;2304.0;611370.0;0.0;0.0;0.0;0.0;0.0;0.0;0.0;0.0;0.0;0.0;0.0;0.0;0.0;298998.0;369;0.0;0.0;130040.0;2680.25;1158102.5
190.0;150.5;376.25;118070.75;5.0;2;2.0;1.0;62;198;66;83;310.0;396;132.0;83.0;2763.0;614133.0;2.0;4.0;8.0;2.0;59.0;82.0;101.0;164.0;118.0;328.0;808.0;328.0;1582.0;300580.0;378;0.0;0.0;130040.0;4721.25;1162823.75
190.5;150.5;376.25;118447.0;6.0;2;0.0;0.0;62;198;66;83;372.0;396;0.0;0.0;2304.0;616437.0;0.0;0.0;0.0;0.0;0.0;0.0;0.0;0.0;0.0;0.0;0.0;0.0;0.0;300580.0;378;0.0;0.0;130040.0;2680.25;1165504.0
191.0;150.5;376.25;118823.25;5.0;2;0.0;1.0;62;198;66;83;310.0;396;0.0;83.0;2367.0;618804.0;2.0;4.0;8.0;2.0;59.0;82.0;101.0;164.0;118.0;328.0;808.0;328.0;1582.0;302162.0;378;0.0;0.0;130040.0;4325.25;1169829.25
191.5;150.5;376.25;119199.5;6.0;2;0.0;0.0;62;198;66;83;372.0;396;0.0;0.0;2304.0;621108.0;0.0;0.0;0.0;0.0;0.0;0.0;0.0;0.0;0.0;0.0;0.0;0.0;0.0;302162.0;378;0.0;0.0;130040.0;2680.25;1172509.5
192.0;150.5;376.25;119575.75;5.0;2;0.0;1.0;62;198;66;83;310.0;396;0.0;83.0;2367.0;623475.0;2.0;4.0;8.0;2.0;59.0;82.0;101.0;164.0;118.0;328.0;808.0;328.0;1582.0;303744.0;378;2.0;3780.0;133820.0;8105.25;1180614.75
192.5;150.5;376.25;119952.0;6.0;2;0.0;0.0;62;198;66;83;372.0;396;0.0;0.0;2304.0;625779.0;0.0;0.0;0.0;0.0;0.0;0.0;0.0;0.0;0.0;0.0;0.0;0.0;0.0;303744.0;378;0.0;0.0;133820.0;2680.25;1183295.0
193.0;150.5;376.25;120328.25;5.0;2;0.0;1.0;62;198;66;83;310.0;396;0.0;83.0;2367.0;628146.0;2.0;4.0;8.0;2.0;59.0;82.0;101.0;164.0;118.0;328.0;808.0;328.0;1582.0;305326.0;378;0.0;0.0;133820.0;4325.25;1187620.25
193.5;150.5;376.25;120704.5;6.0;2;0.0;0.0;62;198;66;83;372.0;396;0.0;0.0;2304.0;630450.0;0.0;0.0;0.0;0.0;0.0;0.0;0.0;0.0;0.0;0.0;0.0;0.0;0.0;305326.0;378;0.0;0.0;133820.0;2680.25;1190300.5
194.0;150.5;376.25;121080.75;5.0;2;0.0;1.0;62;198;66;83;310.0;396;0.0;83.0;2367.0;632817.0;2.0;4.0;8.0;2.0;59.0;82.0;101.0;164.0;118.0;328.0;808.0;328.0;1582.0;306908.0;378;0.0;0.0;133820.0;4325.25;1194625.75
194.5;150.5;376.25;121457.0;6.0;2;0.0;0.0;62;198;66;83;372.0;396;0.0;0.0;2304.0;635121.0;0.0;0.0;0.0;0.0;0.0;0.0;0.0;0.0;0.0;0.0;0.0;0.0;0.0;306908.0;378;0.0;0.0;133820.0;2680.25;1197306.0
195.0;150.5;376.25;121833.25;5.0;2;2.0;1.0;63;204;66;83;315.0;408;132.0;83.0;2814.0;637935.0;2.0;4.0;8.0;2.0;59.0;82.0;101.0;164.0;118.0;328.0;808.0;328.0;1582.0;308490.0;387;2.0;3870.0;137690.0;8642.25;1205948.25
195.5;150.5;376.25;122209.5;6.0;2;0.0;0.0;63;204;66;83;378.0;408;0.0;0.0;2358.0;640293.0;0.0;0.0;0.0;0.0;0.0;0.0;0.0;0.0;0.0;0.0;0.0;0.0;0.0;308490.0;387;0.0;0.0;137690.0;2734.25;1208682.5
196.0;150.5;376.25;122585.75;5.0;2;0.0;1.0;63;204;66;83;315.0;408;0.0;83.0;2418.0;642711.0;2.0;4.0;8.0;2.0;59.0;82.0;101.0;164.0;118.0;328.0;808.0;328.0;1582.0;310072.0;387;0.0;0.0;137690.0;4376.25;1213058.75
196.5;150.5;376.25;122962.0;6.0;2;0.0;0.0;63;204;66;83;378.0;408;0.0;0.0;2358.0;645069.0;0.0;0.0;0.0;0.0;0.0;0.0;0.0;0.0;0.0;0.0;0.0;0.0;0.0;310072.0;387;0.0;0.0;137690.0;2734.25;1215793.0
197.0;150.5;376.25;123338.25;5.0;2;0.0;1.0;63;204;66;83;315.0;408;0.0;83.0;2418.0;647487.0;2.0;4.0;8.0;2.0;59.0;82.0;101.0;164.0;118.0;328.0;808.0;328.0;1582.0;311654.0;387;0.0;0.0;137690.0;4376.25;1220169.25
197.5;150.5;376.25;123714.5;6.0;2;0.0;0.0;63;204;66;83;378.0;408;0.0;0.0;2358.0;649845.0;0.0;0.0;0.0;0.0;0.0;0.0;0.0;0.0;0.0;0.0;0.0;0.0;0.0;311654.0;387;0.0;0.0;137690.0;2734.25;1222903.5
198.0;150.5;376.25;124090.75;5.0;2;0.0;1.0;63;204;66;83;315.0;408;0.0;83.0;2418.0;652263.0;2.0;4.0;8.0;2.0;59.0;82.0;101.0;164.0;118.0;328.0;808.0;328.0;1582.0;313236.0;387;2.0;3870.0;141560.0;8246.25;1231149.75
198.5;150.5;376.25;124467.0;6.0;2;0.0;0.0;63;204;66;83;378.0;408;0.0;0.0;2358.0;654621.0;0.0;0.0;0.0;0.0;0.0;0.0;0.0;0.0;0.0;0.0;0.0;0.0;0.0;313236.0;387;0.0;0.0;141560.0;2734.25;1233884.0
199.0;150.5;376.25;124843.25;5.0;2;0.0;1.0;63;204;66;83;315.0;408;0.0;83.0;2418.0;657039.0;2.0;4.0;8.0;2.0;59.0;82.0;101.0;164.0;118.0;328.0;808.0;328.0;1582.0;314818.0;387;0.0;0.0;141560.0;4376.25;1238260.25
199.5;150.5;376.25;125219.5;6.0;2;0.0;0.0;63;204;66;83;378.0;408;0.0;0.0;2358.0;659397.0;0.0;0.0;0.0;0.0;0.0;0.0;0.0;0.0;0.0;0.0;0.0;0.0;0.0;314818.0;387;0.0;0.0;141560.0;2734.25;1240994.5
200.0;150.5;376.25;125595.75;5.0;2;2.0;1.0;63;204;66;83;315.0;408;132.0;83.0;2814.0;662211.0;2.0;4.0;8.0;2.0;59.0;82.0;101.0;164.0;118.0;328.0;808.0;328.0;1582.0;316400.0;396;0.0;0.0;141560.0;4772.25;1245766.75
200.5;150.5;376.25;125972.0;6.0;2;0.0;0.0;63;204;66;83;378.0;408;0.0;0.0;2358.0;664569.0;0.0;0.0;0.0;0.0;0.0;0.0;0.0;0.0;0.0;0.0;0.0;0.0;0.0;316400.0;396;0.0;0.0;141560.0;2734.25;1248501.0
201.0;150.5;376.25;126348.25;5.0;2;0.0;1.0;63;204;66;83;315.0;408;0.0;83.0;2418.0;666987.0;2.0;4.0;8.0;2.0;59.0;82.0;101.0;164.0;118.0;328.0;808.0;328.0;1582.0;317982.0;396;2.0;3960.0;145520.0;8336.25;1256837.25
201.5;150.5;376.25;126724.5;6.0;2;0.0;0.0;63;204;66;83;378.0;408;0.0;0.0;2358.0;669345.0;0.0;0.0;0.0;0.0;0.0;0.0;0.0;0.0;0.0;0.0;0.0;0.0;0.0;317982.0;396;0.0;0.0;145520.0;2734.25;1259571.5
202.0;150.5;376.25;127100.75;5.0;2;0.0;1.0;63;204;66;83;315.0;408;0.0;83.0;2418.0;671763.0;2.0;4.0;8.0;2.0;59.0;82.0;101.0;164.0;118.0;328.0;808.0;328.0;1582.0;319564.0;396;0.0;0.0;145520.0;4376.25;1263947.75
202.5;150.5;376.25;127477.0;6.0;2;0.0;0.0;64;210;66;83;384.0;420;0.0;0.0;2412.0;674175.0;0.0;0.0;0.0;0.0;0.0;0.0;0.0;0.0;0.0;0.0;0.0;0.0;0.0;319564.0;396;0.0;0.0;145520.0;2788.25;1266736.0
203.0;150.5;376.25;127853.25;5.0;2;0.0;1.0;64;210;66;83;320.0;420;0.0;83.0;2469.0;676644.0;2.0;4.0;8.0;2.0;59.0;82.0;101.0;164.0;118.0;328.0;808.0;328.0;1582.0;321146.0;396;0.0;0.0;145520.0;4427.25;1271163.25
203.5;150.5;376.25;128229.5;6.0;2;0.0;0.0;64;210;66;83;384.0;420;0.0;0.0;2412.0;679056.0;0.0;0.0;0.0;0.0;0.0;0.0;0.0;0.0;0.0;0.0;0.0;0.0;0.0;321146.0;396;0.0;0.0;145520.0;2788.25;1273951.5
204.0;150.5;376.25;128605.75;5.0;2;0.0;1.0;64;210;66;83;320.0;420;0.0;83.0;2469.0;681525.0;2.0;4.0;8.0;2.0;59.0;82.0;101.0;164.0;118.0;328.0;808.0;328.0;1582.0;322728.0;396;2.0;3960.0;149480.0;8387.25;1282338.75
204.5;150.5;376.25;128982.0;6.0;2;0.0;0.0;64;210;66;83;384.0;420;0.0;0.0;2412.0;683937.0;0.0;0.0;0.0;0.0;0.0;0.0;0.0;0.0;0.0;0.0;0.0;0.0;0.0;322728.0;396;0.0;0.0;149480.0;2788.25;1285127.0
205.0;150.5;376.25;129358.25;5.0;2;2.0;1.0;64;210;66;83;320.0;420;132.0;83.0;2865.0;686802.0;2.0;4.0;8.0;2.0;59.0;82.0;101.0;164.0;118.0;328.0;808.0;328.0;1582.0;324310.0;405;0.0;0.0;149480.0;4823.25;1289950.25
205.5;150.5;376.25;129734.5;6.0;2;0.0;0.0;64;210;66;83;384.0;420;0.0;0.0;2412.0;689214.0;0.0;0.0;0.0;0.0;0.0;0.0;0.0;0.0;0.0;0.0;0.0;0.0;0.0;324310.0;405;0.0;0.0;149480.0;2788.25;1292738.5
206.0;150.5;376.25;130110.75;5.0;2;0.0;1.0;64;210;66;83;320.0;420;0.0;83.0;2469.0;691683.0;2.0;4.0;8.0;2.0;59.0;82.0;101.0;164.0;118.0;328.0;808.0;328.0;1582.0;325892.0;405;0.0;0.0;149480.0;4427.25;1297165.75
206.5;150.5;376.25;130487.0;6.0;2;0.0;0.0;64;210;66;83;384.0;420;0.0;0.0;2412.0;694095.0;0.0;0.0;0.0;0.0;0.0;0.0;0.0;0.0;0.0;0.0;0.0;0.0;0.0;325892.0;405;0.0;0.0;149480.0;2788.25;1299954.0
207.0;150.5;376.25;130863.25;5.0;2;0.0;1.0;64;210;66;83;320.0;420;0.0;83.0;2469.0;696564.0;2.0;4.0;8.0;2.0;59.0;82.0;101.0;164.0;118.0;328.0;808.0;328.0;1582.0;327474.0;405;2.0;4050.0;153530.0;8477.25;1308431.25
207.5;150.5;376.25;131239.5;6.0;2;0.0;0.0;64;210;66;83;384.0;420;0.0;0.0;2412.0;698976.0;0.0;0.0;0.0;0.0;0.0;0.0;0.0;0.0;0.0;0.0;0.0;0.0;0.0;327474.0;405;0.0;0.0;153530.0;2788.25;1311219.5
208.0;150.5;376.25;131615.75;5.0;2;0.0;1.0;64;210;66;83;320.0;420;0.0;83.0;2469.0;701445.0;2.0;4.0;8.0;2.0;59.0;82.0;101.0;164.0;118.0;328.0;808.0;328.0;1582.0;329056.0;405;0.0;0.0;153530.0;4427.25;1315646.75
208.5;150.5;376.25;131992.0;6.0;2;0.0;0.0;64;210;66;83;384.0;420;0.0;0.0;2412.0;703857.0;0.0;0.0;0.0;0.0;0.0;0.0;0.0;0.0;0.0;0.0;0.0;0.0;0.0;329056.0;405;0.0;0.0;153530.0;2788.25;1318435.0
209.0;150.5;376.25;132368.25;5.0;2;0.0;1.0;64;210;66;83;320.0;420;0.0;83.0;2469.0;706326.0;2.0;4.0;8.0;2.0;59.0;82.0;101.0;164.0;118.0;328.0;808.0;328.0;1582.0;330638.0;405;0.0;0.0;153530.0;4427.25;1322862.25
209.5;150.5;376.25;132744.5;6.0;2;0.0;0.0;64;210;66;83;384.0;420;0.0;0.0;2412.0;708738.0;0.0;0.0;0.0;0.0;0.0;0.0;0.0;0.0;0.0;0.0;0.0;0.0;0.0;330638.0;405;0.0;0.0;153530.0;2788.25;1325650.5
210.0;150.5;376.25;133120.75;5.0;2;2.0;1.0;65;216;66;83;325.0;432;132.0;83.0;2916.0;711654.0;2.0;4.0;8.0;2.0;59.0;82.0;101.0;164.0;118.0;328.0;808.0;328.0;1582.0;332220.0;414;2.0;4140.0;157670.0;9014.25;1334664.75
210.5;150.5;376.25;133497.0;6.0;2;0.0;0.0;65;216;66;83;390.0;432;0.0;0.0;2466.0;714120.0;0.0;0.0;0.0;0.0;0.0;0.0;0.0;0.0;0.0;0.0;0.0;0.0;0.0;332220.0;414;0.0;0.0;157670.0;2842.25;1337507.0
211.0;150.5;376.25;133873.25;5.0;2;0.0;1.0;65;216;66;83;325.0;432;0.0;83.0;2520.0;716640.0;2.0;4.0;8.0;2.0;59.0;82.0;101.0;164.0;118.0;328.0;808.0;328.0;1582.0;333802.0;414;0.0;0.0;157670.0;4478.25;1341985.25
211.5;150.5;376.25;134249.5;6.0;2;0.0;0.0;65;216;66;83;390.0;432;0.0;0.0;2466.0;719106.0;0.0;0.0;0.0;0.0;0.0;0.0;0.0;0.0;0.0;0.0;0.0;0.0;0.0;333802.0;414;0.0;0.0;157670.0;2842.25;1344827.5
212.0;150.5;376.25;134625.75;5.0;2;0.0;1.0;65;216;66;83;325.0;432;0.0;83.0;2520.0;721626.0;2.0;4.0;8.0;2.0;59.0;82.0;101.0;164.0;118.0;328.0;808.0;328.0;1582.0;335384.0;414;0.0;0.0;157670.0;4478.25;1349305.75
212.5;150.5;376.25;135002.0;6.0;2;0.0;0.0;65;216;66;83;390.0;432;0.0;0.0;2466.0;724092.0;0.0;0.0;0.0;0.0;0.0;0.0;0.0;0.0;0.0;0.0;0.0;0.0;0.0;335384.0;414;0.0;0.0;157670.0;2842.25;1352148.0
213.0;150.5;376.25;135378.25;5.0;2;0.0;1.0;65;216;66;83;325.0;432;0.0;83.0;2520.0;726612.0;2.0;4.0;8.0;2.0;59.0;82.0;101.0;164.0;118.0;328.0;808.0;328.0;1582.0;336966.0;414;2.0;4140.0;161810.0;8618.25;1360766.25
213.5;150.5;376.25;135754.5;6.0;2;0.0;0.0;65;216;66;83;390.0;432;0.0;0.0;2466.0;729078.0;0.0;0.0;0.0;0.0;0.0;0.0;0.0;0.0;0.0;0.0;0.0;0.0;0.0;336966.0;414;0.0;0.0;161810.0;2842.25;1363608.5
214.0;150.5;376.25;136130.75;5.0;2;0.0;1.0;65;216;66;83;325.0;432;0.0;83.0;2520.0;731598.0;2.0;4.0;8.0;2.0;59.0;82.0;101.0;164.0;118.0;328.0;808.0;328.0;1582.0;338548.0;414;0.0;0.0;161810.0;4478.25;1368086.75
214.5;150.5;376.25;136507.0;6.0;2;0.0;0.0;65;216;66;83;390.0;432;0.0;0.0;2466.0;734064.0;0.0;0.0;0.0;0.0;0.0;0.0;0.0;0.0;0.0;0.0;0.0;0.0;0.0;338548.0;414;0.0;0.0;161810.0;2842.25;1370929.0
215.0;150.5;376.25;136883.25;5.0;2;2.0;1.0;65;216;66;83;325.0;432;132.0;83.0;2916.0;736980.0;2.0;4.0;8.0;2.0;59.0;82.0;101.0;164.0;118.0;328.0;808.0;328.0;1582.0;340130.0;423;0.0;0.0;161810.0;4874.25;1375803.25
215.5;150.5;376.25;137259.5;6.0;2;0.0;0.0;65;216;66;83;390.0;432;0.0;0.0;2466.0;739446.0;0.0;0.0;0.0;0.0;0.0;0.0;0.0;0.0;0.0;0.0;0.0;0.0;0.0;340130.0;423;0.0;0.0;161810.0;2842.25;1378645.5
216.0;150.5;376.25;137635.75;5.0;2;0.0;1.0;65;216;66;83;325.0;432;0.0;83.0;2520.0;741966.0;2.0;4.0;8.0;2.0;59.0;82.0;101.0;164.0;118.0;328.0;808.0;328.0;1582.0;341712.0;423;2.0;4230.0;166040.0;8708.25;1387353.75
216.5;150.5;376.25;138012.0;6.0;2;0.0;0.0;65;216;66;83;390.0;432;0.0;0.0;2466.0;744432.0;0.0;0.0;0.0;0.0;0.0;0.0;0.0;0.0;0.0;0.0;0.0;0.0;0.0;341712.0;423;0.0;0.0;166040.0;2842.25;1390196.0
217.0;150.5;376.25;138388.25;5.0;2;0.0;1.0;65;216;66;83;325.0;432;0.0;83.0;2520.0;746952.0;2.0;4.0;8.0;2.0;59.0;82.0;101.0;164.0;118.0;328.0;808.0;328.0;1582.0;343294.0;423;0.0;0.0;166040.0;4478.25;1394674.25
217.5;150.5;376.25;138764.5;6.0;2;0.0;0.0;66;222;66;83;396.0;444;0.0;0.0;2520.0;749472.0;0.0;0.0;0.0;0.0;0.0;0.0;0.0;0.0;0.0;0.0;0.0;0.0;0.0;343294.0;423;0.0;0.0;166040.0;2896.25;1397570.5
218.0;150.5;376.25;139140.75;5.0;2;0.0;1.0;66;222;66;83;330.0;444;0.0;83.0;2571.0;752043.0;2.0;4.0;8.0;2.0;59.0;82.0;101.0;164.0;118.0;328.0;808.0;328.0;1582.0;344876.0;423;0.0;0.0;166040.0;4529.25;1402099.75
218.5;150.5;376.25;139517.0;6.0;2;0.0;0.0;66;222;66;83;396.0;444;0.0;0.0;2520.0;754563.0;0.0;0.0;0.0;0.0;0.0;0.0;0.0;0.0;0.0;0.0;0.0;0.0;0.0;344876.0;423;0.0;0.0;166040.0;2896.25;1404996.0
219.0;150.5;376.25;139893.25;5.0;2;0.0;1.0;66;222;66;83;330.0;444;0.0;83.0;2571.0;757134.0;2.0;4.0;8.0;2.0;59.0;82.0;101.0;164.0;118.0;328.0;808.0;328.0;1582.0;346458.0;423;2.0;4230.0;170270.0;8759.25;1413755.25
219.5;150.5;376.25;140269.5;6.0;2;0.0;0.0;66;222;66;83;396.0;444;0.0;0.0;2520.0;759654.0;0.0;0.0;0.0;0.0;0.0;0.0;0.0;0.0;0.0;0.0;0.0;0.0;0.0;346458.0;423;0.0;0.0;170270.0;2896.25;1416651.5
220.0;150.5;376.25;140645.75;5.0;2;2.0;1.0;66;222;66;83;330.0;444;132.0;83.0;2967.0;762621.0;2.0;4.0;8.0;2.0;59.0;82.0;101.0;164.0;118.0;328.0;808.0;328.0;1582.0;348040.0;432;0.0;0.0;170270.0;4925.25;1421576.75
220.5;150.5;376.25;141022.0;6.0;2;0.0;0.0;66;222;66;83;396.0;444;0.0;0.0;2520.0;765141.0;0.0;0.0;0.0;0.0;0.0;0.0;0.0;0.0;0.0;0.0;0.0;0.0;0.0;348040.0;432;0.0;0.0;170270.0;2896.25;1424473.0
221.0;150.5;376.25;141398.25;5.0;2;0.0;1.0;66;222;66;83;330.0;444;0.0;83.0;2571.0;767712.0;2.0;4.0;8.0;2.0;59.0;82.0;101.0;164.0;118.0;328.0;808.0;328.0;1582.0;349622.0;432;0.0;0.0;170270.0;4529.25;1429002.25
221.5;150.5;376.25;141774.5;6.0;2;0.0;0.0;66;222;66;83;396.0;444;0.0;0.0;2520.0;770232.0;0.0;0.0;0.0;0.0;0.0;0.0;0.0;0.0;0.0;0.0;0.0;0.0;0.0;349622.0;432;0.0;0.0;170270.0;2896.25;1431898.5
222.0;150.5;376.25;142150.75;5.0;2;0.0;1.0;66;222;66;83;330.0;444;0.0;83.0;2571.0;772803.0;2.0;4.0;8.0;2.0;59.0;82.0;101.0;164.0;118.0;328.0;808.0;328.0;1582.0;351204.0;432;2.0;4320.0;174590.0;8849.25;1440747.75
222.5;150.5;376.25;142527.0;6.0;2;0.0;0.0;66;222;66;83;396.0;444;0.0;0.0;2520.0;775323.0;0.0;0.0;0.0;0.0;0.0;0.0;0.0;0.0;0.0;0.0;0.0;0.0;0.0;351204.0;432;0.0;0.0;174590.0;2896.25;1443644.0
223.0;150.5;376.25;142903.25;5.0;2;0.0;1.0;66;222;66;83;330.0;444;0.0;83.0;2571.0;777894.0;2.0;4.0;8.0;2.0;59.0;82.0;101.0;164.0;118.0;328.0;808.0;328.0;1582.0;352786.0;432;0.0;0.0;174590.0;4529.25;1448173.25
223.5;150.5;376.25;143279.5;6.0;2;0.0;0.0;66;222;66;83;396.0;444;0.0;0.0;2520.0;780414.0;0.0;0.0;0.0;0.0;0.0;0.0;0.0;0.0;0.0;0.0;0.0;0.0;0.0;352786.0;432;0.0;0.0;174590.0;2896.25;1451069.5
224.0;150.5;376.25;143655.75;5.0;2;0.0;1.0;66;222;66;83;330.0;444;0.0;83.0;2571.0;782985.0;2.0;4.0;8.0;2.0;59.0;82.0;101.0;164.0;118.0;328.0;808.0;328.0;1582.0;354368.0;432;0.0;0.0;174590.0;4529.25;1455598.75
224.5;150.5;376.25;144032.0;6.0;2;0.0;0.0;66;222;66;83;396.0;444;0.0;0.0;2520.0;785505.0;0.0;0.0;0.0;0.0;0.0;0.0;0.0;0.0;0.0;0.0;0.0;0.0;0.0;354368.0;432;0.0;0.0;174590.0;2896.25;1458495.0
225.0;150.5;376.25;144408.25;5.0;2;2.0;1.0;67;228;66;83;335.0;456;132.0;83.0;3018.0;788523.0;2.0;4.0;8.0;2.0;59.0;82.0;101.0;164.0;118.0;328.0;808.0;328.0;1582.0;355950.0;441;2.0;4410.0;179000.0;9386.25;1467881.25
225.5;150.5;376.25;144784.5;6.0;2;0.0;0.0;67;228;66;83;402.0;456;0.0;0.0;2574.0;791097.0;0.0;0.0;0.0;0.0;0.0;0.0;0.0;0.0;0.0;0.0;0.0;0.0;0.0;355950.0;441;0.0;0.0;179000.0;2950.25;1470831.5
226.0;150.5;376.25;145160.75;5.0;2;0.0;1.0;67;228;66;83;335.0;456;0.0;83.0;2622.0;793719.0;2.0;4.0;8.0;2.0;59.0;82.0;101.0;164.0;118.0;328.0;808.0;328.0;1582.0;357532.0;441;0.0;0.0;179000.0;4580.25;1475411.75
226.5;150.5;376.25;145537.0;6.0;2;0.0;0.0;67;228;66;83;402.0;456;0.0;0.0;2574.0;796293.0;0.0;0.0;0.0;0.0;0.0;0.0;0.0;0.0;0.0;0.0;0.0;0.0;0.0;357532.0;441;0.0;0.0;179000.0;2950.25;1478362.0
227.0;150.5;376.25;145913.25;5.0;2;0.0;1.0;67;228;66;83;335.0;456;0.0;83.0;2622.0;798915.0;2.0;4.0;8.0;2.0;59.0;82.0;101.0;164.0;118.0;328.0;808.0;328.0;1582.0;359114.0;441;0.0;0.0;179000.0;4580.25;1482942.25
227.5;150.5;376.25;146289.5;6.0;2;0.0;0.0;67;228;66;83;402.0;456;0.0;0.0;2574.0;801489.0;0.0;0.0;0.0;0.0;0.0;0.0;0.0;0.0;0.0;0.0;0.0;0.0;0.0;359114.0;441;0.0;0.0;179000.0;2950.25;1485892.5
228.0;150.5;376.25;146665.75;5.0;2;0.0;1.0;67;228;66;83;335.0;456;0.0;83.0;2622.0;804111.0;2.0;4.0;8.0;2.0;59.0;82.0;101.0;164.0;118.0;328.0;808.0;328.0;1582.0;360696.0;441;2.0;4410.0;183410.0;8990.25;1494882.75
228.5;150.5;376.25;147042.0;6.0;2;0.0;0.0;67;228;66;83;402.0;456;0.0;0.0;2574.0;806685.0;0.0;0.0;0.0;0.0;0.0;0.0;0.0;0.0;0.0;0.0;0.0;0.0;0.0;360696.0;441;0.0;0.0;183410.0;2950.25;1497833.0
229.0;150.5;376.25;147418.25;5.0;2;0.0;1.0;67;228;66;83;335.0;456;0.0;83.0;2622.0;809307.0;2.0;4.0;8.0;2.0;59.0;82.0;101.0;164.0;118.0;328.0;808.0;328.0;1582.0;362278.0;441;0.0;0.0;183410.0;4580.25;1502413.25
229.5;150.5;376.25;147794.5;6.0;2;0.0;0.0;67;228;66;83;402.0;456;0.0;0.0;2574.0;811881.0;0.0;0.0;0.0;0.0;0.0;0.0;0.0;0.0;0.0;0.0;0.0;0.0;0.0;362278.0;441;0.0;0.0;183410.0;2950.25;1505363.5
230.0;150.5;376.25;148170.75;5.0;2;2.0;1.0;67;228;66;83;335.0;456;132.0;83.0;3018.0;814899.0;2.0;4.0;8.0;2.0;59.0;82.0;101.0;164.0;118.0;328.0;808.0;328.0;1582.0;363860.0;450;0.0;0.0;183410.0;4976.25;1510339.75
230.5;150.5;376.25;148547.0;6.0;2;0.0;0.0;67;228;66;83;402.0;456;0.0;0.0;2574.0;817473.0;0.0;0.0;0.0;0.0;0.0;0.0;0.0;0.0;0.0;0.0;0.0;0.0;0.0;363860.0;450;0.0;0.0;183410.0;2950.25;1513290.0
231.0;150.5;376.25;148923.25;5.0;2;0.0;1.0;67;228;66;83;335.0;456;0.0;83.0;2622.0;820095.0;2.0;4.0;8.0;2.0;59.0;82.0;101.0;164.0;118.0;328.0;808.0;328.0;1582.0;365442.0;450;2.0;4500.0;187910.0;9080.25;1522370.25
231.5;150.5;376.25;149299.5;6.0;2;0.0;0.0;67;228;66;83;402.0;456;0.0;0.0;2574.0;822669.0;0.0;0.0;0.0;0.0;0.0;0.0;0.0;0.0;0.0;0.0;0.0;0.0;0.0;365442.0;450;0.0;0.0;187910.0;2950.25;1525320.5
232.0;150.5;376.25;149675.75;5.0;2;0.0;1.0;67;228;66;83;335.0;456;0.0;83.0;2622.0;825291.0;2.0;4.0;8.0;2.0;59.0;82.0;101.0;164.0;118.0;328.0;808.0;328.0;1582.0;367024.0;450;0.0;0.0;187910.0;4580.25;1529900.75
232.5;150.5;376.25;150052.0;6.0;2;0.0;0.0;67;228;66;83;402.0;456;0.0;0.0;2574.0;827865.0;0.0;0.0;0.0;0.0;0.0;0.0;0.0;0.0;0.0;0.0;0.0;0.0;0.0;367024.0;450;0.0;0.0;187910.0;2950.25;1532851.0
233.0;150.5;376.25;150428.25;5.0;2;0.0;1.0;67;228;66;83;335.0;456;0.0;83.0;2622.0;830487.0;2.0;4.0;8.0;2.0;59.0;82.0;101.0;164.0;118.0;328.0;808.0;328.0;1582.0;368606.0;450;0.0;0.0;187910.0;4580.25;1537431.25
233.5;150.5;376.25;150804.5;6.0;2;0.0;0.0;67;228;66;83;402.0;456;0.0;0.0;2574.0;833061.0;0.0;0.0;0.0;0.0;0.0;0.0;0.0;0.0;0.0;0.0;0.0;0.0;0.0;368606.0;450;0.0;0.0;187910.0;2950.25;1540381.5
234.0;150.5;376.25;151180.75;5.0;2;0.0;1.0;67;228;66;83;335.0;456;0.0;83.0;2622.0;835683.0;2.0;4.0;8.0;2.0;59.0;82.0;101.0;164.0;118.0;328.0;808.0;328.0;1582.0;370188.0;450;2.0;4500.0;192410.0;9080.25;1549461.75
234.5;150.5;376.25;151557.0;6.0;2;0.0;0.0;67;228;66;83;402.0;456;0.0;0.0;2574.0;838257.0;0.0;0.0;0.0;0.0;0.0;0.0;0.0;0.0;0.0;0.0;0.0;0.0;0.0;370188.0;450;0.0;0.0;192410.0;2950.25;1552412.0
235.0;150.5;376.25;151933.25;5.0;2;2.0;1.0;67;228;66;83;335.0;456;132.0;83.0;3018.0;841275.0;2.0;4.0;8.0;2.0;59.0;82.0;101.0;164.0;118.0;328.0;808.0;328.0;1582.0;371770.0;459;0.0;0.0;192410.0;4976.25;1557388.25
235.5;150.5;376.25;152309.5;6.0;2;0.0;0.0;67;228;66;83;402.0;456;0.0;0.0;2574.0;843849.0;0.0;0.0;0.0;0.0;0.0;0.0;0.0;0.0;0.0;0.0;0.0;0.0;0.0;371770.0;459;0.0;0.0;192410.0;2950.25;1560338.5
236.0;150.5;376.25;152685.75;5.0;2;0.0;1.0;67;228;66;83;335.0;456;0.0;83.0;2622.0;846471.0;2.0;4.0;8.0;2.0;59.0;82.0;101.0;164.0;118.0;328.0;808.0;328.0;1582.0;373352.0;459;0.0;0.0;192410.0;4580.25;1564918.75
236.5;150.5;376.25;153062.0;6.0;2;0.0;0.0;67;228;66;83;402.0;456;0.0;0.0;2574.0;849045.0;0.0;0.0;0.0;0.0;0.0;0.0;0.0;0.0;0.0;0.0;0.0;0.0;0.0;373352.0;459;0.0;0.0;192410.0;2950.25;1567869.0
237.0;150.5;376.25;153438.25;5.0;2;0.0;1.0;67;228;66;83;335.0;456;0.0;83.0;2622.0;851667.0;2.0;4.0;8.0;2.0;59.0;82.0;101.0;164.0;118.0;328.0;808.0;328.0;1582.0;374934.0;459;2.0;4590.0;197000.0;9170.25;1577039.25
237.5;150.5;376.25;153814.5;6.0;2;0.0;0.0;67;228;66;83;402.0;456;0.0;0.0;2574.0;854241.0;0.0;0.0;0.0;0.0;0.0;0.0;0.0;0.0;0.0;0.0;0.0;0.0;0.0;374934.0;459;0.0;0.0;197000.0;2950.25;1579989.5
238.0;150.5;376.25;154190.75;5.0;2;0.0;1.0;67;228;66;83;335.0;456;0.0;83.0;2622.0;856863.0;2.0;4.0;8.0;2.0;59.0;82.0;101.0;164.0;118.0;328.0;808.0;328.0;1582.0;376516.0;459;0.0;0.0;197000.0;4580.25;1584569.75
238.5;150.5;376.25;154567.0;6.0;2;0.0;0.0;67;228;66;83;402.0;456;0.0;0.0;2574.0;859437.0;0.0;0.0;0.0;0.0;0.0;0.0;0.0;0.0;0.0;0.0;0.0;0.0;0.0;376516.0;459;0.0;0.0;197000.0;2950.25;1587520.0
239.0;150.5;376.25;154943.25;5.0;2;0.0;1.0;67;228;66;83;335.0;456;0.0;83.0;2622.0;862059.0;2.0;4.0;8.0;2.0;59.0;82.0;101.0;164.0;118.0;328.0;808.0;328.0;1582.0;378098.0;459;0.0;0.0;197000.0;4580.25;1592100.25
239.5;150.5;376.25;155319.5;6.0;2;0.0;0.0;67;228;66;83;402.0;456;0.0;0.0;2574.0;864633.0;0.0;0.0;0.0;0.0;0.0;0.0;0.0;0.0;0.0;0.0;0.0;0.0;0.0;378098.0;459;0.0;0.0;197000.0;2950.25;1595050.5
240.0;150.5;376.25;155695.75;5.0;2;2.0;1.0;67;228;66;83;335.0;456;132.0;83.0;3018.0;867651.0;2.0;4.0;8.0;2.0;59.0;82.0;101.0;164.0;118.0;328.0;808.0;328.0;1582.0;379680.0;468;2.0;4680.0;201680.0;9656.25;1604706.75
240.5;150.5;376.25;156072.0;6.0;2;0.0;0.0;67;228;66;83;402.0;456;0.0;0.0;2574.0;870225.0;0.0;0.0;0.0;0.0;0.0;0.0;0.0;0.0;0.0;0.0;0.0;0.0;0.0;379680.0;468;0.0;0.0;201680.0;2950.25;1607657.0
241.0;150.5;376.25;156448.25;5.0;2;0.0;1.0;67;228;66;83;335.0;456;0.0;83.0;2622.0;872847.0;2.0;4.0;8.0;2.0;59.0;82.0;101.0;164.0;118.0;328.0;808.0;328.0;1582.0;381262.0;468;0.0;0.0;201680.0;4580.25;1612237.25
241.5;150.5;376.25;156824.5;6.0;2;0.0;0.0;67;228;66;83;402.0;456;0.0;0.0;2574.0;875421.0;0.0;0.0;0.0;0.0;0.0;0.0;0.0;0.0;0.0;0.0;0.0;0.0;0.0;381262.0;468;0.0;0.0;201680.0;2950.25;1615187.5
242.0;150.5;376.25;157200.75;5.0;2;0.0;1.0;67;228;66;83;335.0;456;0.0;83.0;2622.0;878043.0;2.0;4.0;8.0;2.0;59.0;82.0;101.0;164.0;118.0;328.0;808.0;328.0;1582.0;382844.0;468;0.0;0.0;201680.0;4580.25;1619767.75
242.5;150.5;376.25;157577.0;6.0;2;0.0;0.0;67;228;66;83;402.0;456;0.0;0.0;2574.0;880617.0;0.0;0.0;0.0;0.0;0.0;0.0;0.0;0.0;0.0;0.0;0.0;0.0;0.0;382844.0;468;0.0;0.0;201680.0;2950.25;1622718.0
243.0;150.5;376.25;157953.25;5.0;2;0.0;1.0;67;228;66;83;335.0;456;0.0;83.0;2622.0;883239.0;2.0;4.0;8.0;2.0;59.0;82.0;101.0;164.0;118.0;328.0;808.0;328.0;1582.0;384426.0;468;2.0;4680.0;206360.0;9260.25;1631978.25
243.5;150.5;376.25;158329.5;6.0;2;0.0;0.0;67;228;66;83;402.0;456;0.0;0.0;2574.0;885813.0;0.0;0.0;0.0;0.0;0.0;0.0;0.0;0.0;0.0;0.0;0.0;0.0;0.0;384426.0;468;0.0;0.0;206360.0;2950.25;1634928.5
244.0;150.5;376.25;158705.75;5.0;2;0.0;1.0;67;228;66;83;335.0;456;0.0;83.0;2622.0;888435.0;2.0;4.0;8.0;2.0;59.0;82.0;101.0;164.0;118.0;328.0;808.0;328.0;1582.0;386008.0;468;0.0;0.0;206360.0;4580.25;1639508.75
244.5;150.5;376.25;159082.0;6.0;2;0.0;0.0;67;228;66;83;402.0;456;0.0;0.0;2574.0;891009.0;0.0;0.0;0.0;0.0;0.0;0.0;0.0;0.0;0.0;0.0;0.0;0.0;0.0;386008.0;468;0.0;0.0;206360.0;2950.25;1642459.0
245.0;150.5;376.25;159458.25;5.0;2;2.0;1.0;67;228;66;83;335.0;456;132.0;83.0;3018.0;894027.0;2.0;4.0;8.0;2.0;59.0;82.0;101.0;164.0;118.0;328.0;808.0;328.0;1582.0;387590.0;477;0.0;0.0;206360.0;4976.25;1647435.25
245.5;150.5;376.25;159834.5;6.0;2;0.0;0.0;67;228;66;83;402.0;456;0.0;0.0;2574.0;896601.0;0.0;0.0;0.0;0.0;0.0;0.0;0.0;0.0;0.0;0.0;0.0;0.0;0.0;387590.0;477;0.0;0.0;206360.0;2950.25;1650385.5
246.0;150.5;376.25;160210.75;5.0;2;0.0;1.0;67;228;66;83;335.0;456;0.0;83.0;2622.0;899223.0;2.0;4.0;8.0;2.0;59.0;82.0;101.0;164.0;118.0;328.0;808.0;328.0;1582.0;389172.0;477;2.0;4770.0;211130.0;9350.25;1659735.75
246.5;150.5;376.25;160587.0;6.0;2;0.0;0.0;67;228;66;83;402.0;456;0.0;0.0;2574.0;901797.0;0.0;0.0;0.0;0.0;0.0;0.0;0.0;0.0;0.0;0.0;0.0;0.0;0.0;389172.0;477;0.0;0.0;211130.0;2950.25;1662686.0
247.0;150.5;376.25;160963.25;5.0;2;0.0;1.0;67;228;66;83;335.0;456;0.0;83.0;2622.0;904419.0;2.0;4.0;8.0;2.0;59.0;82.0;101.0;164.0;118.0;328.0;808.0;328.0;1582.0;390754.0;477;0.0;0.0;211130.0;4580.25;1667266.25
247.5;150.5;376.25;161339.5;6.0;2;0.0;0.0;67;228;66;83;402.0;456;0.0;0.0;2574.0;906993.0;0.0;0.0;0.0;0.0;0.0;0.0;0.0;0.0;0.0;0.0;0.0;0.0;0.0;390754.0;477;0.0;0.0;211130.0;2950.25;1670216.5
248.0;150.5;376.25;161715.75;5.0;2;0.0;1.0;67;228;66;83;335.0;456;0.0;83.0;2622.0;909615.0;2.0;4.0;8.0;2.0;59.0;82.0;101.0;164.0;118.0;328.0;808.0;328.0;1582.0;392336.0;477;0.0;0.0;211130.0;4580.25;1674796.75
248.5;150.5;376.25;162092.0;6.0;2;0.0;0.0;67;228;66;83;402.0;456;0.0;0.0;2574.0;912189.0;0.0;0.0;0.0;0.0;0.0;0.0;0.0;0.0;0.0;0.0;0.0;0.0;0.0;392336.0;477;0.0;0.0;211130.0;2950.25;1677747.0
249.0;150.5;376.25;162468.25;5.0;2;0.0;1.0;67;228;66;83;335.0;456;0.0;83.0;2622.0;914811.0;2.0;4.0;8.0;2.0;59.0;82.0;101.0;164.0;118.0;328.0;808.0;328.0;1582.0;393918.0;477;2.0;4770.0;215900.0;9350.25;1687097.25
249.5;150.5;376.25;162844.5;6.0;2;0.0;0.0;67;228;66;83;402.0;456;0.0;0.0;2574.0;917385.0;0.0;0.0;0.0;0.0;0.0;0.0;0.0;0.0;0.0;0.0;0.0;0.0;0.0;393918.0;477;0.0;0.0;215900.0;2950.25;1690047.5
